OBS#,CHK_ACCT,DURATION,HISTORY,NEW_CAR,USED_CAR,FURNITURE,RADIO/TV,EDUCATION,RETAINING,SAV_ACCT,EMPLOYMENT,INSTALL_RATE,MALE_DIV,MALE_SINGLE,MALE_MAR_WID,CO-APPLICANT,GUARANTOR,PRESENT_RESIDENT,REAL_ESTATE,PROP_UNKN_NONE,AGE,OTHER_INSTALL,RENT,OWN_RES,NUM_CREDITS,JOB,NUM_DEPENDENTS,TELEPHONE,FOREIGN,AMOUNT
0,0,6,4,0,0,0,1,0,0,4,4,4,0,1,0,0,0,4,1,0,67,0,0,1,2,2,1,1,0,1169
1,1,48,2,0,0,0,1,0,0,0,2,2,0,0,0,0,0,2,1,0,22,0,0,1,1,2,1,0,0,5951
2,3,12,4,0,0,0,0,1,0,0,3,2,0,1,0,0,0,3,1,0,49,0,0,1,1,1,2,0,0,2096
3,0,42,2,0,0,1,0,0,0,0,3,2,0,1,0,0,1,4,0,0,45,0,0,0,1,2,2,0,0,7882
4,0,24,3,1,0,0,0,0,0,0,2,3,0,1,0,0,0,4,0,1,53,0,0,0,2,2,2,0,0,4870
5,3,36,2,0,0,0,0,1,0,4,2,2,0,1,0,0,0,4,0,1,35,0,0,0,1,1,2,1,0,9055
6,3,24,2,0,0,1,0,0,0,2,4,3,0,1,0,0,0,4,0,0,53,0,0,1,1,2,1,0,0,2835
7,1,36,2,0,1,0,0,0,0,0,2,2,0,1,0,0,0,2,0,0,35,0,1,0,1,3,1,1,0,6948
8,3,12,2,0,0,0,1,0,0,3,3,2,1,0,0,0,0,4,1,0,61,0,0,1,1,1,1,0,0,3059
9,1,30,4,1,0,0,0,0,0,0,0,4,0,0,1,0,0,2,0,0,28,0,0,1,2,3,1,0,0,5234
10,1,12,2,1,0,0,0,0,0,0,1,3,0,0,0,0,0,1,0,0,25,0,1,0,1,2,1,0,0,1295
11,0,48,2,0,0,0,0,0,0,0,1,3,0,0,0,0,0,4,0,0,24,0,1,0,1,2,1,0,0,4308
12,1,12,2,0,0,0,1,0,0,0,2,1,0,0,0,0,0,1,0,0,22,0,0,1,1,2,1,1,0,1567
13,0,24,4,1,0,0,0,0,0,0,4,4,0,1,0,0,0,4,0,0,60,0,0,1,2,1,1,0,0,1199
14,0,15,2,1,0,0,0,0,0,0,2,2,0,0,0,0,0,4,0,0,28,0,1,0,1,2,1,0,0,1403
15,0,24,2,0,0,0,1,0,0,1,2,4,0,0,0,0,0,2,0,0,32,0,0,1,1,1,1,0,0,1282
16,3,24,4,0,0,0,1,0,0,4,4,4,0,1,0,0,0,4,0,0,53,0,0,1,2,2,1,0,0,2424
17,0,30,0,0,0,0,0,0,0,4,1,2,0,1,0,0,0,3,0,0,25,1,0,1,3,2,1,0,0,8072
18,1,24,2,0,1,0,0,0,0,0,4,4,0,0,0,0,0,2,0,1,44,0,0,0,1,3,1,1,0,12579
19,3,24,2,0,0,0,1,0,0,2,4,3,0,1,0,0,0,2,0,0,31,0,0,1,1,2,2,1,0,3430
20,3,9,4,1,0,0,0,0,0,0,2,4,0,1,0,0,0,4,0,0,48,0,0,1,3,2,1,1,0,2134
21,0,6,2,0,0,0,1,0,0,2,2,2,0,1,0,0,0,3,1,0,44,0,1,0,1,2,2,0,0,2647
22,0,10,4,1,0,0,0,0,0,0,1,1,0,1,0,0,0,3,1,0,48,0,1,0,2,1,2,0,1,2241
23,1,12,4,0,1,0,0,0,0,1,1,3,0,1,0,0,0,4,0,0,44,0,0,1,1,2,1,0,0,1804
24,3,10,4,0,0,1,0,0,0,4,2,2,0,0,1,0,0,1,0,0,26,0,0,1,2,2,1,0,1,2069
25,0,6,2,0,0,1,0,0,0,0,2,1,0,1,0,0,0,2,1,0,36,1,0,1,1,1,1,1,0,1374
26,3,6,0,0,0,0,1,0,0,0,4,4,0,0,1,0,0,4,0,0,39,0,0,1,1,1,1,0,0,426
27,2,12,1,0,0,0,1,0,0,3,2,3,0,0,0,0,0,3,1,0,42,0,1,0,2,2,1,0,0,409
28,1,7,2,0,0,0,1,0,0,0,2,3,0,1,0,0,1,2,1,0,34,0,0,1,1,2,1,0,0,2415
29,0,60,3,0,0,0,0,0,0,0,4,3,0,1,0,0,0,4,0,1,63,0,0,1,2,2,1,1,0,6836
30,1,18,2,0,0,0,0,0,0,3,1,3,0,0,1,0,0,3,1,0,36,1,0,1,1,2,1,1,0,1913
31,0,24,2,0,0,1,0,0,0,0,2,2,0,1,0,0,0,2,0,0,27,1,0,1,1,2,1,0,0,4020
32,1,18,2,1,0,0,0,0,0,1,2,2,0,1,0,0,0,2,0,0,30,0,0,1,2,2,1,1,0,5866
33,3,12,4,0,0,0,0,0,0,4,4,4,0,1,0,0,0,4,0,1,57,0,1,0,1,1,1,0,0,1264
34,2,12,2,0,0,1,0,0,0,0,1,4,0,0,0,0,0,1,0,0,33,1,0,1,1,3,1,1,0,1474
35,1,45,4,0,0,0,1,0,0,0,1,4,0,1,0,0,0,2,0,0,25,0,0,1,2,1,1,0,0,4746
36,3,48,4,0,0,0,0,1,0,0,2,1,0,1,0,0,0,3,0,1,31,1,0,0,1,2,1,1,0,6110
37,2,18,2,0,0,0,1,0,0,0,2,4,0,1,0,1,0,2,1,0,37,1,0,1,1,2,1,0,0,2100
38,2,10,2,0,0,0,0,0,0,0,2,2,0,1,0,0,0,2,0,0,37,0,0,1,1,2,1,1,0,1225
39,1,9,2,0,0,0,1,0,0,0,2,4,0,1,0,0,0,3,1,0,24,0,0,1,1,2,1,0,0,458
40,3,30,2,0,0,0,1,0,0,2,4,4,0,1,0,0,0,2,0,0,30,1,0,1,1,3,1,0,0,2333
41,1,12,2,0,0,0,1,0,0,2,2,3,1,0,0,0,0,1,0,0,26,0,0,1,1,2,1,1,0,1158
42,1,18,3,0,0,0,0,0,0,0,2,2,0,1,0,0,0,4,1,0,44,0,0,1,1,1,2,1,0,6204
43,0,30,4,0,1,0,0,0,0,1,3,1,0,0,1,0,0,4,0,0,24,0,1,0,2,2,1,0,0,6187
44,0,48,4,0,1,0,0,0,0,0,4,4,0,0,0,0,0,4,0,1,58,1,0,0,2,1,1,0,0,6143
45,3,11,4,1,0,0,0,0,0,0,1,4,0,0,0,0,0,4,0,0,35,0,0,1,2,3,1,0,0,1393
46,3,36,2,0,0,0,1,0,0,2,4,4,0,1,0,0,0,4,0,0,39,0,0,1,1,2,1,0,0,2299
47,0,6,2,0,1,0,0,0,0,2,0,1,0,0,0,0,0,2,0,0,23,0,1,0,1,0,1,1,0,1352
48,3,11,4,1,0,0,0,0,0,0,2,1,0,1,0,0,0,4,0,0,39,0,0,1,2,1,1,0,0,7228
49,3,12,2,0,0,0,1,0,0,1,2,4,0,0,0,1,0,2,1,0,28,0,0,1,1,2,1,0,0,2073
50,1,24,3,0,0,1,0,0,0,4,1,4,0,1,0,0,0,2,0,0,29,1,0,1,1,1,1,0,0,2333
51,1,27,3,0,1,0,0,0,0,0,4,1,0,1,0,0,0,2,0,0,30,0,0,1,2,3,1,1,0,5965
52,3,12,2,0,0,0,1,0,0,0,2,3,0,1,0,0,0,2,0,0,25,0,0,1,1,2,1,0,0,1262
53,3,18,2,0,1,0,0,0,0,4,2,2,0,1,0,0,0,1,0,0,31,0,0,1,1,2,1,1,0,3378
54,1,36,3,1,0,0,0,0,0,0,4,4,0,1,0,0,0,4,0,1,57,1,0,0,2,2,1,1,0,2225
55,3,6,1,1,0,0,0,0,0,4,2,1,0,1,0,0,1,2,1,0,26,1,0,1,1,1,2,0,0,783
56,1,12,2,0,0,0,1,0,0,4,0,2,0,1,0,0,0,1,0,1,52,0,0,1,1,3,1,1,0,6468
57,3,36,4,0,0,0,1,0,0,0,2,2,0,0,0,0,0,2,0,0,31,1,0,1,2,2,1,0,0,9566
58,2,18,2,1,0,0,0,0,0,0,4,3,0,0,0,0,0,2,0,0,23,0,0,1,1,3,1,0,0,1961
59,0,36,4,0,0,1,0,0,0,0,1,4,0,0,0,1,0,4,0,1,23,0,1,0,2,1,1,1,0,6229
60,1,9,2,0,0,0,0,0,0,0,2,2,0,0,1,0,0,1,1,0,27,1,0,1,1,2,1,1,0,1391
61,1,15,4,0,0,0,1,0,0,4,4,4,0,1,0,0,1,4,1,0,50,0,0,1,2,2,1,1,0,1537
62,1,36,0,0,0,0,0,0,0,0,4,4,0,1,0,0,0,4,0,1,61,0,0,0,1,3,1,1,0,1953
63,1,48,0,0,0,0,0,0,0,0,2,2,0,1,0,0,0,2,0,0,25,0,0,1,1,2,1,1,0,14421
64,3,24,2,0,0,0,1,0,0,0,1,4,0,0,0,0,0,4,0,0,26,0,0,1,1,2,1,1,0,3181
65,3,27,2,0,0,0,0,0,0,4,4,4,0,1,0,0,0,4,0,0,48,0,0,1,4,2,2,1,0,5190
66,3,12,2,0,0,0,1,0,0,0,1,2,0,0,0,0,0,2,0,0,29,1,0,1,1,2,1,0,0,2171
67,1,12,2,1,0,0,0,0,0,3,2,4,0,0,1,0,0,1,1,0,22,0,0,1,1,2,1,0,0,1007
68,3,36,2,0,0,0,0,1,0,0,2,4,0,1,0,0,0,4,0,1,37,1,0,0,1,2,1,1,0,1819
69,3,36,2,0,0,0,1,0,0,4,2,4,0,0,0,0,0,4,0,0,25,0,0,1,1,2,1,0,0,2394
70,3,36,2,0,1,0,0,0,0,0,2,1,0,0,0,0,0,2,0,0,30,1,0,1,1,2,1,0,0,8133
71,3,7,4,0,0,0,1,0,0,4,4,4,0,1,0,0,0,2,0,0,46,0,1,0,2,1,1,1,0,730
72,0,8,4,0,0,0,0,0,0,0,4,3,0,1,0,0,0,4,0,1,51,1,0,0,2,3,2,1,0,1164
73,1,42,4,0,0,0,0,0,0,0,3,2,0,0,0,0,0,1,1,0,41,1,0,1,2,1,1,0,0,5954
74,0,36,2,0,0,0,0,1,0,4,4,4,0,1,0,0,0,4,0,1,40,0,0,1,1,3,1,1,0,1977
75,0,12,4,0,1,0,0,0,0,0,4,4,0,1,0,0,0,4,0,1,66,0,0,0,2,3,1,0,0,1526
76,0,42,2,0,0,0,1,0,0,0,1,4,0,1,0,0,0,3,0,0,34,0,0,1,1,2,1,0,0,3965
77,1,11,3,0,0,0,1,0,0,0,3,2,0,1,0,0,0,4,0,0,51,0,0,1,1,2,1,0,0,4771
78,3,54,0,0,1,0,0,0,0,4,2,2,0,1,0,0,0,2,0,0,39,0,0,1,1,1,2,0,0,9436
79,1,30,2,0,0,1,0,0,0,0,1,2,0,0,1,0,0,1,0,0,22,0,0,1,1,2,1,0,0,3832
80,3,24,2,0,0,0,1,0,0,4,1,1,0,0,0,0,0,1,0,0,44,0,0,1,2,2,1,1,0,5943
81,3,15,2,0,0,0,1,0,0,2,4,4,0,1,0,0,0,3,0,0,47,1,0,1,1,2,1,1,0,1213
82,3,18,2,0,0,0,0,0,0,1,2,3,0,0,0,0,0,4,0,0,24,0,1,0,1,1,1,0,0,1568
83,0,24,2,0,0,0,0,0,0,0,4,4,0,0,0,0,1,4,1,0,58,0,0,1,1,1,1,1,0,1755
84,0,10,2,0,0,0,1,0,0,0,4,3,0,1,0,0,0,4,1,0,52,0,0,1,1,1,1,0,0,2315
85,3,12,4,0,0,0,0,0,0,0,2,4,0,0,0,0,1,2,1,0,29,0,0,1,2,3,1,1,0,1412
86,1,18,4,0,0,1,0,0,0,0,1,4,0,0,0,0,0,1,0,0,27,0,0,1,2,2,1,0,0,1295
87,1,36,2,0,0,0,0,1,0,1,2,1,0,1,0,0,0,4,0,1,47,0,0,0,1,2,2,1,0,12612
88,0,18,2,1,0,0,0,0,0,1,3,4,0,1,0,0,0,3,0,0,30,0,0,1,1,3,2,1,0,2249
89,0,12,0,0,0,0,0,0,0,0,3,4,0,1,0,0,0,3,1,0,28,0,0,1,2,2,1,0,0,1108
90,3,12,4,0,0,0,1,0,0,0,4,4,0,1,0,0,0,4,1,0,56,0,0,1,1,2,1,0,0,618
91,0,12,4,0,1,0,0,0,0,0,4,4,0,1,0,0,0,3,1,0,54,0,0,1,1,2,1,0,0,1409
92,3,12,4,0,0,0,1,0,0,4,4,4,0,0,0,0,0,3,0,0,33,1,0,1,1,1,2,0,0,797
93,2,24,4,0,0,1,0,0,0,4,4,4,0,1,0,1,0,4,0,1,20,0,1,0,2,2,1,0,0,3617
94,1,12,2,1,0,0,0,0,0,3,4,4,0,1,0,0,0,4,1,0,54,0,0,1,1,2,1,1,0,1318
95,1,54,0,0,0,0,0,0,0,0,1,3,0,1,0,0,0,4,0,1,58,0,1,0,1,2,1,1,0,15945
96,3,12,4,0,0,0,0,1,0,4,3,4,0,0,0,0,0,2,0,0,61,0,0,1,1,2,1,0,0,2012
97,1,18,2,0,0,0,0,0,0,1,2,4,0,1,0,0,0,4,0,0,34,0,0,1,1,2,1,0,0,2622
98,1,36,4,0,0,0,1,0,0,0,4,4,0,1,0,0,0,4,1,0,36,0,0,1,1,2,1,0,0,2337
99,1,20,3,0,1,0,0,0,0,4,3,3,0,1,0,0,0,4,0,0,36,1,1,0,2,3,2,1,0,7057
100,3,24,2,1,0,0,0,0,0,1,4,4,0,0,1,0,0,4,1,0,41,0,1,0,1,1,1,0,0,1469
101,1,36,2,0,0,0,1,0,0,0,3,4,0,1,0,0,0,4,0,0,24,0,1,0,1,2,1,0,0,2323
102,3,6,3,0,0,0,1,0,0,0,2,3,0,0,0,0,0,2,1,0,24,0,0,1,1,2,1,0,0,932
103,1,9,4,0,0,1,0,0,0,0,3,4,0,1,0,0,0,3,0,0,35,0,1,0,1,2,1,1,0,1919
104,3,12,2,0,1,0,0,0,0,4,1,2,0,0,1,0,0,4,0,0,26,0,1,0,1,2,1,1,0,2445
105,1,24,4,0,0,0,0,0,0,0,2,2,0,1,0,1,0,3,0,0,39,0,0,1,2,3,2,1,0,11938
106,3,18,1,1,0,0,0,0,0,0,4,2,0,1,0,0,0,4,0,1,39,1,0,1,2,3,2,1,0,6458
107,1,12,2,1,0,0,0,0,0,0,3,2,0,1,0,0,0,2,0,0,32,0,0,1,1,2,1,0,0,6078
108,0,24,2,0,0,1,0,0,0,4,1,1,0,0,0,0,0,2,0,0,30,0,0,1,1,2,1,1,1,7721
109,1,14,2,0,0,0,0,0,0,2,4,1,0,0,1,0,0,2,1,0,35,0,0,1,1,2,1,1,0,1410
110,1,6,3,0,0,0,0,0,0,1,4,1,1,0,0,0,0,2,0,0,31,1,0,1,2,2,2,0,0,1449
111,2,15,2,0,0,0,0,1,0,0,1,4,0,0,0,0,0,4,0,0,23,0,1,0,1,2,1,1,0,392
112,1,18,2,1,0,0,0,0,0,0,3,3,0,1,0,0,0,3,1,0,28,0,1,0,1,1,1,0,0,6260
113,3,36,4,1,0,0,0,0,0,0,2,4,0,0,0,0,0,2,1,0,25,1,0,1,2,2,1,1,0,7855
114,0,12,2,0,0,0,1,0,0,2,4,3,0,0,1,0,0,1,1,0,35,0,0,1,1,2,1,0,0,1680
115,3,48,4,0,0,0,1,0,0,4,4,4,0,1,0,0,0,1,1,0,47,0,0,1,1,2,1,1,0,3578
116,0,42,2,0,0,0,1,0,0,4,3,4,0,0,0,0,0,3,0,0,30,0,0,1,1,3,1,1,0,7174
117,0,10,4,0,0,1,0,0,0,4,1,2,0,0,0,1,0,3,1,0,27,0,1,0,2,2,1,0,1,2132
118,0,33,4,0,0,1,0,0,0,2,2,1,0,0,0,0,0,4,0,0,23,0,0,1,2,2,1,0,0,4281
119,1,12,4,1,0,0,0,0,0,2,3,3,1,0,0,0,0,3,0,0,36,0,0,1,1,3,1,1,0,2366
120,0,21,2,0,0,0,1,0,0,0,2,3,0,0,0,0,0,2,1,0,25,0,0,1,2,2,1,1,0,1835
121,3,24,4,0,1,0,0,0,0,0,4,4,0,0,0,0,0,2,0,0,41,0,1,0,2,3,1,1,0,3868
122,3,12,2,0,0,1,0,0,0,0,2,3,0,1,0,0,0,2,1,0,24,0,1,0,1,1,1,0,0,1768
123,2,10,4,1,0,0,0,0,0,0,4,4,0,1,0,0,0,4,0,1,63,0,0,0,2,2,1,1,0,781
124,1,18,2,0,0,1,0,0,0,4,1,4,0,0,0,0,0,3,1,0,27,0,1,0,1,2,1,0,0,1924
125,0,12,4,1,0,0,0,0,0,0,2,4,0,1,0,0,0,2,0,0,30,0,0,1,2,2,1,0,0,2121
126,0,12,2,0,0,0,1,0,0,0,2,4,0,0,1,0,0,2,1,0,40,0,0,1,1,1,1,0,0,701
127,1,12,2,0,0,0,0,0,0,0,2,4,0,1,0,0,0,2,0,0,30,0,0,1,1,2,1,0,0,639
128,1,12,4,0,1,0,0,0,0,0,0,4,0,1,0,0,0,2,0,0,34,0,0,1,2,3,1,1,0,1860
129,0,12,4,1,0,0,0,0,0,0,2,3,0,0,0,1,0,2,1,0,29,0,0,1,2,2,1,0,0,3499
130,1,48,2,1,0,0,0,0,0,4,3,1,0,0,0,0,0,2,0,0,24,0,0,1,1,2,1,0,0,8487
131,0,36,3,0,0,0,0,1,0,0,2,4,0,1,0,0,0,3,0,0,29,1,0,1,1,2,1,1,0,6887
132,3,15,2,0,0,1,0,0,0,0,1,2,0,1,0,0,0,3,0,0,27,1,0,1,2,1,1,0,0,2708
133,3,18,2,0,0,1,0,0,0,0,2,4,0,1,0,0,0,4,0,1,47,1,0,0,2,2,1,0,0,1984
134,3,60,2,0,0,0,1,0,0,1,3,2,0,0,0,0,0,4,1,0,21,0,0,1,1,2,1,1,0,10144
135,3,12,4,0,0,0,1,0,0,4,4,4,0,0,0,0,0,2,1,0,38,0,0,1,2,2,1,1,0,1240
136,3,27,3,0,1,0,0,0,0,3,2,2,0,1,0,0,0,2,0,0,27,0,0,1,2,2,1,0,0,8613
137,1,12,2,0,0,0,1,0,0,2,2,4,0,1,0,0,0,3,1,0,66,0,0,1,1,1,1,0,0,766
138,1,15,4,0,0,0,1,0,0,4,3,4,0,1,0,0,1,2,1,0,35,1,0,1,3,2,1,1,0,2728
139,2,12,2,0,0,0,1,0,0,0,2,2,0,0,0,0,0,2,0,0,44,0,1,0,1,1,1,1,0,1881
140,2,6,2,1,0,0,0,0,0,3,1,2,0,0,1,0,0,2,1,0,27,0,0,1,1,0,1,0,1,709
141,1,36,2,0,0,0,1,0,0,0,1,4,0,0,0,0,0,1,0,1,30,0,0,1,1,3,1,1,0,4795
142,0,27,2,0,0,0,1,0,0,0,2,3,0,1,0,0,0,2,0,0,27,0,0,1,1,3,1,0,0,3416
143,0,18,2,0,0,1,0,0,0,0,2,2,0,1,0,0,0,2,0,0,22,0,0,1,1,2,1,0,0,2462
144,3,21,4,0,0,1,0,0,0,0,1,4,0,0,0,0,0,4,0,0,23,0,0,1,1,2,1,1,0,2288
145,1,48,1,0,0,0,0,0,0,1,3,4,0,1,0,0,0,2,0,0,30,0,0,1,1,2,1,0,0,3566
146,0,6,4,1,0,0,0,0,0,0,4,1,0,0,0,0,0,4,0,1,39,0,0,1,2,2,1,1,0,860
147,3,12,4,1,0,0,0,0,0,1,3,4,0,0,0,0,0,3,0,0,51,0,0,1,2,2,1,1,0,682
148,0,36,4,0,0,1,0,0,0,0,2,3,0,1,0,0,1,2,0,0,28,0,0,1,2,2,1,0,0,5371
149,3,18,4,0,0,0,1,0,0,3,4,4,0,1,0,0,0,4,0,0,46,0,0,1,2,2,1,0,0,1582
150,3,6,2,0,0,0,1,0,0,1,4,2,0,1,0,0,0,4,0,1,42,1,0,0,1,2,2,1,0,1346
151,3,10,2,0,0,0,1,0,0,0,2,1,0,1,0,0,0,4,0,0,38,0,0,1,1,2,1,1,1,1924
152,2,36,2,0,0,0,1,0,0,0,2,4,0,1,0,0,0,1,0,0,24,0,0,1,1,2,1,0,0,5848
153,1,24,4,0,1,0,0,0,0,3,4,2,0,0,0,0,0,4,0,1,29,0,1,0,1,2,1,0,0,7758
154,1,24,3,0,0,0,0,0,0,1,3,4,0,1,0,0,0,4,0,0,36,0,1,0,1,3,1,1,0,6967
155,0,12,2,0,0,1,0,0,0,0,2,2,0,0,0,0,0,4,0,0,20,0,1,0,1,2,1,0,0,1282
156,0,9,4,0,0,0,0,0,0,1,4,3,0,1,0,0,1,4,1,0,48,0,0,1,2,2,2,0,1,1288
157,0,12,1,0,0,0,0,0,1,0,4,4,0,0,1,0,0,1,0,0,45,1,0,1,1,1,1,0,0,339
158,1,24,2,1,0,0,0,0,0,1,3,2,0,1,0,0,0,3,0,0,38,1,0,1,2,2,1,1,0,3512
159,3,6,4,0,0,0,1,0,0,4,2,1,0,1,0,0,0,2,1,0,34,0,0,1,2,1,2,0,0,1898
160,3,24,4,0,0,0,1,0,0,1,4,3,0,1,0,0,0,4,1,0,36,0,0,1,1,2,2,1,0,2872
161,3,18,4,1,0,0,0,0,0,0,1,4,0,0,0,0,0,1,0,0,30,0,0,1,2,2,1,0,0,1055
162,3,15,2,0,0,0,0,0,0,2,3,4,0,1,0,0,0,3,0,0,36,0,0,1,2,2,1,1,0,1262
163,1,10,2,1,0,0,0,0,0,0,0,2,0,1,0,0,0,4,0,1,70,1,0,0,1,3,1,1,0,7308
164,3,36,2,1,0,0,0,0,0,2,4,4,0,1,0,0,0,4,0,0,36,0,0,1,1,2,1,0,0,909
165,3,6,2,0,0,1,0,0,0,2,2,1,0,1,0,0,0,2,0,0,32,0,0,1,1,2,1,1,0,2978
166,0,18,2,0,0,1,0,0,0,0,0,4,0,0,0,0,0,2,0,0,33,0,0,1,1,2,1,0,0,1131
167,1,11,2,0,0,1,0,0,0,3,1,4,0,0,0,0,0,1,1,0,20,0,0,1,1,2,1,0,0,1577
168,3,24,2,0,0,1,0,0,0,0,3,2,0,0,0,0,0,4,0,0,25,0,1,0,1,2,1,1,0,3972
169,1,24,4,0,0,0,0,0,0,0,4,4,1,0,0,0,0,4,1,0,31,0,0,1,2,2,1,1,0,1935
170,0,15,0,1,0,0,0,0,0,0,4,4,0,1,0,0,0,3,0,0,33,0,1,0,2,2,2,0,0,950
171,3,12,2,0,0,1,0,0,0,0,2,4,0,0,0,0,0,1,1,0,26,0,0,1,1,2,1,1,0,763
172,1,24,3,0,0,1,0,0,0,0,0,3,0,0,0,0,0,2,0,0,34,0,0,1,1,3,1,1,0,2064
173,1,8,2,0,0,0,1,0,0,0,2,4,0,1,0,0,1,2,1,0,33,0,0,1,1,2,1,0,1,1414
174,0,21,3,0,0,0,0,1,0,0,1,2,0,1,0,0,0,1,0,0,26,0,0,1,2,2,1,0,0,3414
175,3,30,1,0,1,0,0,0,0,4,0,4,0,0,0,0,0,1,1,0,53,1,0,1,1,3,1,1,0,7485
176,0,12,2,0,0,1,0,0,0,0,2,2,1,0,0,0,0,1,0,0,42,0,0,1,1,2,1,0,0,2577
177,0,6,4,0,0,0,1,0,0,2,4,4,0,1,0,0,0,4,0,0,52,0,0,1,2,2,1,0,0,338
178,3,12,2,0,0,0,1,0,0,0,3,4,0,1,0,0,0,2,0,0,31,0,1,0,2,3,2,1,0,1963
179,0,21,4,1,0,0,0,0,0,0,4,4,0,1,0,0,0,4,1,0,65,0,0,1,2,2,1,0,0,571
180,3,36,3,0,0,0,0,0,0,0,1,1,1,0,0,0,0,1,0,0,28,0,0,1,2,2,1,0,0,9572
181,1,36,3,0,0,0,0,0,0,0,2,2,1,0,0,0,0,2,1,0,30,1,0,1,2,3,1,1,0,4455
182,0,21,1,1,0,0,0,0,0,4,2,4,0,1,0,0,0,2,0,0,40,0,0,1,2,1,2,0,0,1647
183,3,24,4,0,0,1,0,0,0,3,2,4,0,1,0,0,0,4,1,0,50,0,0,1,1,2,1,1,0,3777
184,1,18,4,1,0,0,0,0,0,0,4,4,0,1,0,0,0,4,0,0,36,1,0,1,1,2,2,1,0,884
185,3,15,4,0,0,0,1,0,0,0,2,4,0,1,0,0,0,2,0,0,31,0,0,1,2,2,1,0,0,1360
186,1,9,1,0,1,0,0,0,0,0,4,2,0,0,0,0,0,4,0,1,74,1,0,0,1,3,2,1,0,5129
187,1,16,4,1,0,0,0,0,0,0,0,2,0,1,0,0,0,3,0,0,68,0,0,0,3,0,1,1,0,1175
188,0,12,2,0,0,0,1,0,0,1,3,4,0,0,1,0,0,1,0,0,20,0,0,1,1,2,1,0,0,674
189,1,18,0,0,0,1,0,0,0,0,2,1,0,0,0,0,0,4,0,0,33,1,0,1,2,2,1,1,0,3244
190,3,24,2,0,0,0,0,0,0,3,2,2,0,1,0,0,0,3,0,0,54,0,0,1,3,3,1,1,0,4591
191,1,48,0,0,0,0,0,0,0,1,3,4,0,1,0,0,0,4,0,1,34,0,0,0,1,1,2,0,0,3844
192,1,27,2,0,0,0,0,0,0,0,2,4,0,1,0,0,0,2,0,0,36,0,0,1,1,2,2,1,0,3915
193,3,6,2,0,0,0,1,0,0,0,3,2,0,0,1,0,0,2,1,0,29,0,1,0,1,2,1,0,0,2108
194,1,45,2,0,0,0,1,0,0,1,2,4,0,1,0,0,1,4,0,0,21,0,1,0,1,2,1,0,0,3031
195,1,9,4,0,0,0,0,1,0,0,4,2,0,0,0,0,0,3,0,0,34,0,0,1,2,3,1,1,0,1501
196,3,6,4,0,0,0,1,0,0,0,2,1,0,0,0,0,0,1,0,0,28,0,0,1,2,2,1,1,0,1382
197,1,12,2,0,0,1,0,0,0,1,1,4,0,0,0,0,0,4,0,0,27,1,1,0,4,2,1,0,0,951
198,1,24,2,0,1,0,0,0,0,4,4,4,0,1,0,0,0,4,0,1,36,1,0,0,1,2,1,1,0,2760
199,1,18,3,0,0,1,0,0,0,0,4,4,1,0,0,0,0,3,0,1,40,0,0,1,1,3,1,1,0,4297
200,3,9,4,0,0,0,0,1,0,2,4,4,0,1,0,0,0,2,0,0,52,0,0,1,2,2,1,1,0,936
201,0,12,2,1,0,0,0,0,0,0,2,4,0,0,1,0,0,3,1,0,27,0,0,1,1,1,1,0,0,1168
202,3,27,3,0,0,0,0,0,0,0,3,3,0,1,0,0,0,4,0,0,26,0,0,1,2,2,1,0,0,5117
203,0,12,2,0,0,0,0,0,1,0,3,4,0,0,1,0,0,4,0,0,21,0,1,0,1,2,1,0,0,902
204,3,12,4,1,0,0,0,0,0,0,4,4,0,1,0,0,0,1,1,0,38,0,0,1,2,1,2,0,0,1495
205,0,30,4,0,1,0,0,0,0,0,4,3,0,1,0,0,0,4,0,1,38,0,0,0,3,3,2,1,0,10623
206,3,12,4,0,0,1,0,0,0,0,4,4,0,1,0,0,0,4,1,0,43,0,0,1,3,2,1,1,0,1935
207,1,12,4,0,0,0,0,0,0,0,3,4,0,1,0,0,0,3,0,0,26,0,0,1,1,2,1,0,0,1424
208,0,24,2,0,0,0,0,0,0,0,2,2,0,0,1,0,0,2,0,0,21,1,0,1,1,1,1,0,0,6568
209,3,12,2,0,1,0,0,0,0,3,3,3,0,1,0,0,0,2,0,0,55,0,0,1,1,2,1,0,1,1413
210,3,9,4,0,0,0,1,0,0,4,2,1,0,1,0,0,0,2,1,0,33,0,0,1,2,2,2,0,0,3074
211,3,36,2,0,0,0,1,0,0,4,4,2,0,0,0,0,0,4,1,0,45,0,0,1,1,1,1,1,0,3835
212,0,27,0,0,0,0,0,0,0,0,0,2,0,1,0,0,0,4,0,0,50,1,0,1,2,2,1,1,0,5293
213,2,30,3,0,0,0,0,0,0,0,4,4,0,1,0,0,0,4,1,0,66,0,0,1,1,3,1,1,0,1908
214,3,36,4,0,0,0,1,0,0,4,4,4,0,1,0,0,0,2,0,0,51,0,0,1,1,2,1,1,0,3342
215,1,6,4,0,0,0,0,0,1,4,3,1,0,0,0,0,0,3,0,0,39,0,0,1,2,1,1,0,0,932
216,0,18,0,0,0,0,0,0,0,0,3,3,0,1,0,0,0,1,0,0,31,1,0,1,1,2,1,1,0,3104
217,2,36,2,0,0,0,1,0,0,0,2,2,0,1,0,0,0,2,1,0,23,0,0,1,1,2,1,1,0,3913
218,0,24,2,0,0,1,0,0,0,0,2,2,1,0,0,0,0,2,1,0,24,0,1,0,1,1,1,0,0,3021
219,3,10,2,1,0,0,0,0,0,0,2,2,0,0,0,0,0,4,0,0,64,0,0,1,1,2,1,1,0,1364
220,1,12,2,0,0,0,1,0,0,0,1,4,0,0,1,0,1,1,1,0,26,1,0,1,1,1,1,0,0,625
221,0,12,2,0,0,0,0,1,0,4,2,4,0,0,0,0,0,4,0,0,23,1,1,0,1,2,1,1,0,1200
222,3,12,2,0,0,0,1,0,0,0,2,4,0,1,0,0,0,2,1,0,30,1,0,1,2,2,1,0,0,707
223,3,24,3,0,0,0,0,0,0,4,2,4,0,1,0,0,0,4,1,0,32,0,0,1,2,2,2,1,0,2978
224,3,15,2,0,1,0,0,0,0,0,2,3,0,1,0,0,0,2,0,0,30,0,0,1,1,2,1,1,0,4657
225,3,36,0,0,0,0,0,0,0,0,2,4,0,1,0,0,0,2,0,0,27,0,0,1,2,2,1,0,0,2613
226,1,48,2,0,0,0,1,0,0,3,3,1,0,1,0,1,0,2,0,1,27,1,0,1,2,2,1,1,0,10961
227,0,12,2,0,0,1,0,0,0,0,4,4,0,1,0,0,0,4,0,1,53,0,0,0,1,3,1,1,0,7865
228,3,9,2,0,0,0,1,0,0,0,3,4,0,1,0,0,0,2,0,0,22,0,0,1,1,2,1,0,0,1478
229,0,24,2,0,0,1,0,0,0,0,1,4,0,1,0,0,0,1,0,1,22,1,0,0,1,2,1,0,0,3149
230,2,36,2,0,0,0,1,0,0,0,2,4,0,1,0,0,0,2,0,0,26,0,0,1,1,2,1,0,0,4210
231,3,9,2,1,0,0,0,0,0,2,4,2,0,1,0,0,0,4,0,1,51,0,0,0,1,1,1,0,0,2507
232,3,12,2,0,0,0,1,0,0,1,3,3,0,1,0,0,0,1,0,1,35,0,0,1,1,2,1,0,0,2141
233,1,18,2,0,0,0,1,0,0,0,2,4,0,0,1,0,1,2,1,0,25,0,0,1,1,1,1,0,0,866
234,3,4,4,0,0,0,1,0,0,0,3,2,0,1,0,0,0,1,1,0,42,0,0,1,3,1,2,0,0,1544
235,0,24,2,0,0,0,1,0,0,0,0,4,0,1,0,0,0,2,0,0,30,1,0,1,1,3,2,0,0,1823
236,1,6,2,1,0,0,0,0,0,4,0,1,0,1,0,0,0,2,0,0,23,0,0,1,1,0,1,1,0,14555
237,1,21,2,0,0,0,0,0,0,1,4,4,1,0,0,0,0,2,0,0,61,1,1,0,2,1,1,0,0,2767
238,3,12,4,0,0,0,1,0,0,0,2,4,0,0,0,0,0,2,0,0,35,0,0,1,2,2,1,0,0,1291
239,0,30,2,0,0,0,1,0,0,0,4,1,0,1,0,0,1,3,0,0,39,0,0,1,1,2,2,0,0,2522
240,0,24,2,1,0,0,0,0,0,4,4,4,0,0,0,0,0,2,0,0,29,1,0,1,1,2,1,0,0,915
241,3,6,2,0,0,0,1,0,0,0,3,3,0,1,0,0,0,2,0,0,51,0,0,1,1,2,2,0,0,1595
242,0,48,0,0,1,0,0,0,0,0,4,3,0,1,0,0,0,4,0,1,24,0,0,0,2,2,2,0,0,4605
243,3,12,4,0,0,0,0,0,0,0,2,3,0,0,0,0,0,2,1,0,27,0,0,1,2,2,1,0,0,1185
244,3,12,1,0,0,0,0,0,1,2,2,4,0,0,0,0,0,3,1,0,35,0,0,1,1,1,2,0,0,3447
245,3,24,2,0,0,0,0,0,0,0,3,4,0,1,0,0,0,1,1,0,25,0,0,1,1,2,1,1,0,1258
246,3,12,4,0,0,0,1,0,0,0,4,4,0,1,0,0,0,4,1,0,52,0,0,1,3,2,1,0,0,717
247,3,6,0,1,0,0,0,0,0,1,2,4,0,1,0,0,0,1,0,1,35,1,1,0,1,2,1,0,1,1204
248,2,24,2,0,0,1,0,0,0,0,2,2,0,1,0,0,0,2,1,0,26,0,0,1,1,2,1,0,0,1925
249,3,18,2,0,0,0,1,0,0,0,0,3,0,0,0,1,0,4,1,0,22,0,1,0,1,2,1,0,0,433
250,0,6,4,1,0,0,0,0,0,3,3,3,0,0,0,0,0,4,1,0,39,0,0,1,2,1,1,1,0,666
251,2,12,2,0,0,1,0,0,0,0,2,1,0,0,0,0,0,2,0,0,46,0,0,1,1,1,1,0,0,2251
252,1,30,2,1,0,0,0,0,0,0,2,4,0,0,0,0,1,2,0,1,24,1,0,1,1,2,1,0,0,2150
253,3,24,3,0,0,1,0,0,0,1,2,2,0,1,0,0,0,3,0,0,35,0,0,1,2,2,1,0,0,4151
254,1,9,2,0,0,1,0,0,0,4,3,2,0,1,0,0,0,1,0,0,24,0,0,1,1,2,1,1,0,2030
255,1,60,3,0,0,0,1,0,0,4,2,1,0,1,0,0,0,1,1,0,27,0,0,1,1,1,1,0,0,7418
256,3,24,4,0,0,0,1,0,0,0,2,4,0,1,0,0,0,2,1,0,35,0,0,1,2,1,1,0,0,2684
257,0,12,1,0,0,0,1,0,0,0,2,4,1,0,0,0,0,1,0,1,29,0,0,0,1,2,1,0,0,2149
258,3,15,2,0,1,0,0,0,0,1,1,1,0,0,0,0,0,4,0,0,23,0,0,1,1,2,1,1,0,3812
259,3,11,4,0,0,0,1,0,0,1,0,4,0,0,0,0,0,4,1,0,57,0,0,1,3,1,1,0,0,1154
260,0,12,2,0,0,1,0,0,0,0,2,2,0,1,0,0,0,2,1,0,27,0,0,1,1,2,1,0,0,1657
261,0,24,2,0,0,0,1,0,0,0,4,4,0,0,0,0,0,4,0,0,55,0,0,1,1,2,1,0,0,1603
262,0,18,4,1,0,0,0,0,0,0,4,2,0,1,0,0,0,4,0,1,36,0,0,0,3,3,1,1,0,5302
263,3,12,4,0,0,0,0,1,0,0,4,2,0,0,0,0,0,4,0,1,57,1,0,0,3,1,1,0,0,2748
264,3,10,4,1,0,0,0,0,0,0,4,3,0,1,0,0,0,4,1,0,32,0,0,1,2,1,2,0,1,1231
265,1,15,2,0,0,0,1,0,0,0,4,4,0,1,0,0,0,3,0,0,37,0,0,1,1,2,2,0,0,802
266,3,36,4,0,0,0,0,0,0,4,4,4,0,1,0,0,0,4,1,0,36,0,0,1,2,2,1,0,0,6304
267,3,24,2,0,0,0,1,0,0,0,1,4,0,0,0,0,0,3,0,0,38,1,0,1,1,2,1,1,0,1533
268,0,14,2,1,0,0,0,0,0,0,4,1,1,0,0,0,0,4,0,0,45,0,0,1,1,3,1,1,1,8978
269,3,24,2,0,0,0,1,0,0,4,4,4,0,1,0,0,0,2,0,0,25,0,0,1,2,2,1,0,0,999
270,3,18,2,1,0,0,0,0,0,4,3,4,0,1,0,0,0,3,0,0,32,0,0,1,1,2,1,0,1,2662
271,3,12,4,0,0,1,0,0,0,2,3,3,0,0,0,0,0,4,0,0,37,0,1,0,1,2,1,1,0,1402
272,1,48,1,1,0,0,0,0,0,4,0,4,0,1,0,1,0,4,0,1,36,0,0,0,1,3,1,1,0,12169
273,1,48,2,0,0,0,1,0,0,0,3,4,0,1,0,0,0,4,1,0,28,0,0,1,2,2,1,0,0,3060
274,0,30,2,0,0,0,0,0,0,0,1,1,1,0,0,0,0,1,0,1,34,0,0,1,1,1,1,1,0,11998
275,3,9,2,0,0,0,1,0,0,0,2,1,0,1,0,0,0,2,1,0,32,0,0,1,1,2,2,0,0,2697
276,3,18,4,0,0,0,1,0,0,0,2,2,0,0,0,0,0,2,0,0,26,0,0,1,2,2,1,0,0,2404
277,0,12,2,0,0,1,0,0,0,4,4,2,1,0,0,0,0,4,0,0,49,0,0,1,1,1,1,1,0,1262
278,3,6,2,0,0,1,0,0,0,0,1,1,0,0,0,0,0,4,0,0,32,0,0,1,1,2,1,0,0,4611
279,3,24,2,0,0,0,1,0,0,1,2,4,0,1,0,0,0,4,0,0,29,0,1,0,1,3,1,1,0,1901
280,3,15,4,0,1,0,0,0,0,3,4,3,0,1,0,0,0,4,0,1,23,0,1,0,2,2,1,1,0,3368
281,3,12,2,0,0,1,0,0,0,0,2,4,0,1,0,0,0,2,1,0,50,0,0,1,1,2,1,0,0,1574
282,2,18,1,0,0,0,1,0,0,4,3,4,0,1,0,0,0,4,0,0,49,1,0,1,1,1,1,0,0,1445
283,3,15,4,0,0,1,0,0,0,4,4,4,0,1,0,0,0,4,0,0,63,0,0,1,1,2,1,0,0,1520
284,1,24,4,1,0,0,0,0,0,1,1,4,1,0,0,0,0,2,0,0,37,0,0,1,1,2,1,1,0,3878
285,0,47,2,1,0,0,0,0,0,0,1,1,0,0,0,0,0,1,1,0,35,0,0,1,1,1,1,1,0,10722
286,0,48,2,0,1,0,0,0,0,0,3,4,0,1,0,0,0,3,0,0,26,0,0,1,1,2,2,0,0,4788
287,1,48,3,0,0,0,0,0,0,1,0,2,0,1,0,0,0,4,0,1,31,0,0,0,1,3,1,1,0,7582
288,1,12,2,0,0,0,1,0,0,0,2,4,0,0,0,0,1,4,1,0,49,0,0,1,2,2,1,1,0,1092
289,0,24,3,0,0,0,1,0,0,0,1,4,0,0,1,0,0,4,1,0,48,1,0,1,1,2,1,0,0,1024
290,3,12,2,0,0,0,0,0,0,0,2,2,0,0,1,0,0,2,1,0,26,0,0,1,1,2,1,1,1,1076
291,1,36,2,0,1,0,0,0,0,0,1,1,0,0,1,0,0,4,0,0,28,0,1,0,1,3,1,1,0,9398
292,0,24,4,0,1,0,0,0,0,0,4,2,0,0,0,0,0,4,0,1,44,0,0,0,2,3,2,1,0,6419
293,2,42,4,0,1,0,0,0,0,0,4,4,0,1,0,0,0,4,0,1,56,0,0,0,1,2,1,0,0,4796
294,3,48,4,0,0,0,0,0,0,4,4,4,1,0,0,0,0,2,0,0,46,1,0,1,2,3,2,0,0,7629
295,1,48,2,0,0,1,0,0,0,0,1,1,0,0,0,0,0,2,0,0,26,0,0,1,1,2,1,1,0,9960
296,3,12,2,0,1,0,0,0,0,4,1,1,0,0,0,0,0,4,0,0,20,0,1,0,1,2,1,0,0,4675
297,3,10,2,1,0,0,0,0,0,4,4,4,0,1,0,1,0,2,0,0,45,0,0,1,1,1,1,0,1,1287
298,3,18,2,0,0,1,0,0,0,0,2,3,0,1,0,0,0,4,1,0,43,0,0,1,1,2,1,1,0,2515
299,1,21,4,0,0,1,0,0,0,3,3,3,0,1,0,0,0,2,0,0,32,0,0,1,2,2,1,1,0,2745
300,3,6,2,1,0,0,0,0,0,0,0,1,0,0,0,0,0,4,1,0,54,0,0,1,1,0,1,1,0,672
301,1,36,0,0,0,0,1,0,0,0,2,4,0,0,0,0,0,1,0,0,42,0,0,1,1,2,1,1,0,3804
302,2,24,4,1,0,0,0,0,0,4,3,4,0,1,0,0,0,2,1,0,37,1,0,1,2,1,2,0,0,1344
303,0,10,4,1,0,0,0,0,0,0,3,4,0,1,0,1,0,3,0,0,49,0,0,1,2,2,1,1,0,1038
304,3,48,4,1,0,0,0,0,0,2,2,2,0,1,0,0,0,2,0,1,44,1,0,0,1,2,1,0,0,10127
305,3,6,2,0,0,1,0,0,0,3,2,4,1,0,0,0,0,2,1,0,33,0,0,1,1,2,1,0,0,1543
306,3,30,2,0,1,0,0,0,0,4,3,2,0,0,0,0,0,4,0,0,24,1,1,0,1,1,1,0,0,4811
307,0,12,2,0,0,0,1,0,0,1,1,4,0,0,1,0,0,3,0,1,33,0,0,1,1,1,1,1,0,727
308,1,8,2,0,0,1,0,0,0,0,2,3,0,0,0,0,0,4,1,0,24,0,0,1,1,2,1,0,0,1237
309,1,9,2,1,0,0,0,0,0,0,2,4,0,0,1,0,0,4,1,0,22,0,1,0,1,1,1,0,0,276
310,1,48,2,0,0,0,0,0,0,4,0,3,0,1,0,0,0,4,0,1,40,1,0,0,1,0,1,1,0,5381
311,3,24,2,0,0,1,0,0,0,1,2,4,0,1,0,0,0,1,0,0,25,1,0,1,1,2,1,0,0,5511
312,2,24,2,0,0,1,0,0,0,0,1,2,0,0,0,0,0,4,0,0,26,0,0,1,1,2,1,0,0,3749
313,1,12,2,1,0,0,0,0,0,0,3,2,0,0,1,0,0,3,0,0,25,1,0,1,1,1,1,0,0,685
314,2,4,2,1,0,0,0,0,0,4,1,1,0,1,0,0,0,2,1,0,29,0,0,1,1,1,2,0,1,1494
315,0,36,1,0,0,1,0,0,0,0,4,4,0,1,0,0,0,4,0,0,31,1,0,1,1,2,1,0,0,2746
316,0,12,2,0,0,1,0,0,0,0,2,2,0,1,0,0,1,3,0,0,38,0,0,1,1,1,2,0,0,708
317,1,24,2,0,0,1,0,0,0,4,2,1,0,0,0,0,0,4,0,0,48,0,0,1,1,1,1,1,0,4351
318,3,12,4,0,0,0,0,1,0,0,2,4,0,1,0,0,0,2,0,0,32,0,0,1,2,2,1,0,0,701
319,0,15,3,0,0,1,0,0,0,0,4,1,0,0,0,0,0,4,0,0,27,0,0,1,2,1,1,0,0,3643
320,1,30,4,1,0,0,0,0,0,0,0,4,0,0,1,0,0,2,0,0,28,0,0,1,2,3,1,0,0,4249
321,0,24,2,0,0,0,1,0,0,0,1,4,1,0,0,0,0,3,0,0,32,0,0,1,1,2,1,0,0,1938
322,0,24,2,0,1,0,0,0,0,0,3,2,0,1,0,0,0,1,0,1,34,0,0,0,1,3,1,1,0,2910
323,0,18,2,0,0,1,0,0,0,3,2,4,0,1,0,0,0,2,0,0,28,0,0,1,1,2,1,0,0,2659
324,3,18,4,1,0,0,0,0,0,0,2,4,0,0,0,0,0,3,1,0,36,0,0,1,2,2,1,0,0,1028
325,0,8,4,1,0,0,0,0,0,0,3,1,0,1,0,0,0,4,1,0,39,0,0,1,2,1,1,0,1,3398
326,3,12,4,0,0,1,0,0,0,4,4,2,0,1,0,0,0,4,0,0,49,0,1,0,1,2,1,1,0,5801
327,3,24,2,1,0,0,0,0,0,3,3,4,0,0,0,0,0,3,0,0,34,0,0,1,1,2,2,1,0,1525
328,2,36,2,0,0,0,1,0,0,0,4,4,0,1,0,0,0,2,0,0,31,0,0,1,1,2,1,0,0,4473
329,1,6,2,0,0,0,1,0,0,0,4,4,0,1,0,0,0,4,0,0,28,0,0,1,1,2,2,0,0,1068
330,0,24,4,0,1,0,0,0,0,0,0,2,0,1,0,0,0,4,0,1,75,0,0,0,2,3,1,1,0,6615
331,3,18,4,0,0,0,0,1,0,1,2,4,0,0,0,0,0,2,1,0,30,0,0,1,2,2,1,0,0,1864
332,1,60,2,1,0,0,0,0,0,1,1,4,0,0,0,0,0,2,0,0,24,0,0,1,1,3,1,0,0,7408
333,3,48,4,0,1,0,0,0,0,1,2,2,0,0,0,0,0,4,0,0,24,1,1,0,2,1,1,0,0,11590
334,0,24,0,0,0,1,0,0,0,0,4,3,0,1,0,0,0,4,0,1,23,1,1,0,2,2,2,0,0,4110
335,0,6,4,0,0,1,0,0,0,0,2,1,1,0,0,0,0,4,1,0,44,0,1,0,1,3,1,1,0,3384
336,1,13,2,0,0,0,1,0,0,0,1,2,0,0,0,0,1,4,0,0,23,0,0,1,1,1,1,0,0,2101
337,0,15,2,0,0,0,0,0,0,4,2,4,0,0,0,0,0,2,0,0,24,0,1,0,1,2,1,0,0,1275
338,0,24,2,0,0,1,0,0,0,0,2,4,0,1,0,0,0,4,0,0,28,0,0,1,1,2,1,0,0,4169
339,1,10,2,0,0,1,0,0,0,0,2,4,1,0,0,0,0,2,0,0,31,0,0,1,1,1,1,0,0,1521
340,1,24,4,0,0,0,0,1,0,0,1,2,0,0,0,0,0,4,0,1,24,0,0,0,2,2,1,1,0,5743
341,0,21,2,0,0,1,0,0,0,0,3,1,0,0,0,0,0,4,0,0,26,0,1,0,1,1,1,0,0,3599
342,1,18,2,0,0,0,1,0,0,2,1,1,0,0,1,0,0,3,1,0,25,0,1,0,1,2,1,0,0,3213
343,1,18,2,0,0,0,0,0,0,0,4,1,0,1,0,1,0,1,1,0,33,1,0,1,1,3,1,1,0,4439
344,2,10,2,1,0,0,0,0,0,0,1,1,0,1,0,0,1,1,0,0,37,0,0,1,1,1,2,0,0,3949
345,3,15,4,0,0,0,1,0,0,0,2,4,0,0,0,0,0,2,0,0,43,0,0,1,1,1,1,0,0,1459
346,1,13,4,0,0,0,1,0,0,0,1,4,0,1,0,0,1,4,1,0,23,0,0,1,2,2,1,0,0,882
347,1,24,2,0,0,0,1,0,0,2,0,1,0,0,0,0,0,4,0,1,23,0,1,0,1,0,1,0,0,3758
348,3,6,3,0,0,0,0,0,0,1,2,1,0,1,0,0,0,2,1,0,34,0,0,1,2,1,1,0,0,1743
349,1,9,4,0,0,0,0,1,0,3,4,4,0,1,0,0,0,3,0,1,32,0,0,0,2,2,2,0,0,1136
350,3,9,2,0,0,0,0,0,0,0,1,1,0,0,0,0,0,4,1,0,23,0,1,0,1,2,1,1,0,1236
351,1,9,2,0,0,1,0,0,0,0,2,1,0,0,0,0,0,2,0,0,29,0,0,1,1,2,1,0,1,959
352,3,18,4,0,1,0,0,0,0,4,0,2,0,1,0,0,0,4,0,1,38,0,0,1,1,3,1,1,0,3229
353,0,12,0,0,0,0,1,0,0,0,2,4,0,1,0,0,0,2,0,0,28,0,1,0,2,2,1,1,0,6199
354,3,10,2,0,0,0,0,1,0,2,4,4,0,1,0,0,0,4,0,1,46,0,0,0,1,2,1,1,0,727
355,1,24,2,1,0,0,0,0,0,0,1,4,0,1,0,0,0,2,1,0,23,1,0,1,1,1,1,0,0,1246
356,3,12,4,0,0,0,1,0,0,4,4,1,0,1,0,1,0,4,1,0,49,0,0,1,1,2,1,1,0,2331
357,3,36,3,0,0,0,1,0,0,0,2,4,0,1,0,0,0,2,0,0,26,0,0,1,2,3,1,1,0,4463
358,3,12,2,0,0,0,1,0,0,0,2,4,0,0,1,0,0,2,1,0,28,0,0,1,1,2,1,0,0,776
359,0,30,2,0,0,1,0,0,0,0,3,4,0,0,0,0,0,4,1,0,23,0,1,0,1,2,1,0,0,2406
360,1,18,2,0,0,0,0,1,0,4,2,4,0,1,0,0,0,4,0,1,61,0,0,0,1,2,1,0,0,1239
361,2,12,2,0,0,0,1,0,0,4,4,2,0,1,0,0,0,3,0,0,37,0,0,1,1,3,1,0,0,3399
362,2,12,3,1,0,0,0,0,0,0,2,2,0,0,0,0,0,2,0,0,36,1,0,1,2,2,1,1,0,2247
363,3,6,2,0,0,1,0,0,0,0,2,1,0,0,1,0,0,2,0,0,21,0,1,0,1,2,1,0,0,1766
364,0,18,2,0,0,1,0,0,0,0,0,4,0,1,0,0,0,1,0,0,25,0,0,1,1,0,1,0,0,2473
365,3,12,2,0,0,0,0,0,0,0,3,2,0,1,0,0,0,4,0,0,36,0,0,1,1,2,1,1,0,1542
366,3,18,4,0,1,0,0,0,0,0,3,3,0,1,0,0,0,1,0,0,27,0,0,1,2,2,1,0,0,3850
367,0,18,2,0,0,1,0,0,0,0,1,1,0,0,0,0,0,4,0,0,22,0,1,0,1,2,1,0,0,3650
368,0,36,2,0,0,1,0,0,0,0,4,4,0,1,0,0,0,2,0,0,42,0,0,1,1,2,2,0,0,3446
369,1,18,2,0,0,1,0,0,0,0,3,2,0,0,0,0,0,4,1,0,40,0,1,0,1,2,1,0,0,3001
370,3,36,2,1,0,0,0,0,0,4,2,4,0,1,0,0,0,4,1,0,36,0,0,1,1,2,1,0,0,3079
371,3,18,4,0,0,0,1,0,0,0,4,3,0,1,0,0,0,4,0,0,33,0,0,1,2,2,1,1,0,6070
372,3,10,4,0,0,1,0,0,0,0,1,1,0,0,0,0,0,3,1,0,23,0,1,0,2,2,1,0,0,2146
373,3,60,4,1,0,0,0,0,0,4,4,2,0,1,0,0,0,4,0,1,63,1,0,0,1,3,1,1,0,13756
374,1,60,1,0,0,0,0,0,0,1,4,3,0,0,0,0,0,4,0,1,60,1,0,0,2,3,1,1,0,14782
375,0,48,1,0,0,0,0,0,0,0,3,2,0,0,0,0,1,4,0,0,37,0,1,0,1,2,1,0,0,7685
376,3,18,3,0,0,0,1,0,0,0,0,2,0,0,1,0,0,3,1,0,34,0,0,1,2,2,1,0,0,2320
377,3,7,3,0,0,0,1,0,0,4,4,3,0,1,0,0,0,4,0,1,36,0,0,0,1,2,1,0,0,846
378,1,36,2,1,0,0,0,0,0,0,4,4,0,1,0,0,0,2,0,1,57,0,0,0,1,3,1,1,0,14318
379,3,6,4,1,0,0,0,0,0,1,2,4,0,0,0,0,0,4,0,0,52,0,0,1,2,1,1,0,0,362
380,0,20,2,0,0,1,0,0,0,4,3,4,0,1,0,0,0,4,0,0,39,0,0,1,1,2,1,1,0,2212
381,1,18,2,0,1,0,0,0,0,0,0,3,0,0,0,0,0,4,0,1,38,0,0,0,1,3,1,1,0,12976
382,3,22,2,1,0,0,0,0,0,4,3,4,0,0,0,0,0,4,0,0,25,0,1,0,1,2,1,0,0,1283
383,2,12,2,1,0,0,0,0,0,0,1,4,0,1,0,0,0,1,1,0,26,0,0,1,1,2,1,0,0,1330
384,3,30,3,0,0,0,0,0,0,1,2,2,0,1,0,0,0,2,0,0,26,0,0,1,2,1,1,0,0,4272
385,3,18,4,0,0,0,1,0,0,0,2,2,0,0,0,0,0,1,0,0,25,0,0,1,2,2,1,0,0,2238
386,3,18,2,0,0,0,1,0,0,4,1,4,0,0,0,0,0,2,1,0,21,0,1,0,1,2,1,1,0,1126
387,1,18,4,0,0,1,0,0,0,0,0,4,0,1,0,0,0,4,0,0,40,1,0,1,2,3,1,1,0,7374
388,1,15,4,0,0,0,0,0,0,2,2,2,0,1,0,0,0,4,0,0,27,1,0,1,1,2,1,0,0,2326
389,3,9,2,0,0,0,0,0,0,0,3,3,0,0,0,0,0,2,0,0,27,0,0,1,2,2,1,0,0,1449
390,3,18,2,1,0,0,0,0,0,0,2,2,0,0,1,0,0,2,0,0,30,0,0,1,1,3,1,1,0,1820
391,1,12,2,0,0,1,0,0,0,3,1,1,0,0,0,0,0,4,1,0,19,0,1,0,1,1,1,0,0,983
392,0,36,2,1,0,0,0,0,0,0,3,2,0,1,0,0,0,4,0,1,39,1,0,0,1,3,2,1,0,3249
393,0,6,4,0,0,0,1,0,0,0,3,1,0,0,0,0,0,4,0,0,31,0,0,1,1,2,1,0,0,1957
394,3,9,4,0,0,1,0,0,0,0,0,2,0,1,0,0,0,3,0,0,31,0,0,1,1,3,1,0,0,2406
395,1,39,3,0,0,0,0,1,0,1,3,2,0,1,0,0,0,3,0,1,32,0,1,0,1,2,1,1,0,11760
396,0,12,2,0,0,1,0,0,0,0,0,3,0,0,0,0,0,4,0,1,55,0,0,0,1,3,1,0,0,2578
397,0,36,4,0,0,1,0,0,0,0,2,3,0,0,1,0,0,2,0,0,46,0,0,1,2,2,1,1,0,2348
398,1,12,2,1,0,0,0,0,0,0,4,1,1,0,0,0,0,1,1,0,46,0,1,0,2,2,1,0,0,1223
399,3,24,4,0,0,0,1,0,0,3,2,4,0,0,0,0,0,1,1,0,43,0,0,1,2,1,1,0,0,1516
400,3,18,2,0,0,0,1,0,0,0,1,3,0,0,1,0,0,4,1,0,39,0,0,1,1,2,1,1,0,1473
401,1,18,4,0,0,0,0,0,0,4,2,4,0,0,1,0,0,4,1,0,28,1,0,1,2,2,1,0,0,1887
402,3,24,3,0,0,0,0,0,0,0,1,2,0,1,0,0,0,2,0,0,27,1,0,1,2,2,1,1,0,8648
403,3,14,3,1,0,0,0,0,0,0,2,4,0,1,0,0,0,2,0,0,27,0,0,1,2,1,1,0,0,802
404,1,18,3,1,0,0,0,0,0,4,4,4,0,1,0,0,0,4,0,0,43,0,0,1,1,2,2,0,0,2899
405,1,24,2,0,0,0,1,0,0,0,1,1,0,0,1,0,0,1,0,0,22,0,0,1,1,2,1,1,0,2039
406,3,24,4,0,1,0,0,0,0,4,3,4,0,1,0,0,0,4,0,0,43,0,0,1,2,2,2,1,0,2197
407,0,15,2,0,0,0,1,0,0,0,1,4,0,0,1,0,0,2,1,0,27,0,0,1,1,2,1,0,1,1053
408,3,24,2,0,0,0,1,0,0,2,4,3,1,0,0,0,0,2,0,0,26,0,0,1,1,3,1,1,0,3235
409,2,12,4,1,0,0,0,0,0,2,3,4,0,0,1,0,0,2,1,0,28,0,0,1,3,2,1,1,0,939
410,1,24,2,0,0,0,1,0,0,0,4,4,0,0,0,0,0,4,0,0,20,0,0,1,1,2,1,1,0,1967
411,3,33,4,0,1,0,0,0,0,0,3,3,0,1,0,0,0,2,0,0,35,0,0,1,2,3,1,1,0,7253
412,3,12,4,0,0,0,0,0,0,0,0,4,0,1,0,0,0,2,0,0,42,1,0,1,2,3,1,1,0,2292
413,3,10,2,1,0,0,0,0,0,2,2,3,0,1,0,0,0,2,0,1,40,0,1,0,1,1,2,0,1,1597
414,0,24,2,1,0,0,0,0,0,4,2,4,0,0,0,0,0,2,0,0,35,0,0,1,1,2,1,0,0,1381
415,3,36,4,0,1,0,0,0,0,0,4,2,0,1,0,0,0,2,0,0,35,0,0,1,2,2,2,1,0,5842
416,0,12,2,1,0,0,0,0,0,0,1,4,0,1,0,0,0,1,1,0,33,0,0,1,1,1,2,0,0,2579
417,0,18,3,0,0,0,0,1,0,4,2,1,0,0,0,0,0,2,0,0,23,0,1,0,2,2,1,1,0,8471
418,3,21,2,1,0,0,0,0,0,2,3,1,0,0,0,0,0,2,0,0,31,1,0,1,1,3,1,0,0,2782
419,1,18,2,1,0,0,0,0,0,4,2,4,0,0,0,0,0,2,0,0,33,0,0,1,1,2,1,0,0,1042
420,3,15,2,1,0,0,0,0,0,3,3,2,0,0,0,0,0,3,0,0,20,0,1,0,1,2,1,0,0,3186
421,1,12,2,0,1,0,0,0,0,4,2,4,0,1,0,0,0,2,0,0,30,0,0,1,1,2,1,0,0,2028
422,1,12,4,1,0,0,0,0,0,0,3,2,0,1,0,0,0,3,1,0,47,0,0,1,2,1,2,0,0,958
423,3,21,3,0,0,1,0,0,0,1,3,4,0,1,0,0,0,3,1,0,34,0,0,1,2,3,1,0,0,1591
424,1,12,2,0,0,1,0,0,0,4,4,1,0,0,0,0,0,2,0,0,25,1,0,1,1,2,1,1,0,2762
425,1,18,2,0,1,0,0,0,0,0,2,1,0,0,1,0,0,3,0,0,21,0,1,0,1,2,1,1,0,2779
426,3,28,4,0,0,0,1,0,0,0,4,4,0,1,0,0,0,2,0,0,29,0,0,1,2,2,1,0,0,2743
427,3,18,4,0,0,0,1,0,0,3,2,4,0,1,0,0,0,3,1,0,46,0,0,1,2,2,1,0,0,1149
428,3,9,2,0,0,1,0,0,0,0,4,1,0,1,0,0,0,4,0,0,20,0,0,1,1,2,1,0,0,1313
429,0,18,4,0,0,0,0,0,0,0,0,2,0,0,0,0,0,4,0,1,55,0,0,0,3,0,2,0,0,1190
430,3,5,2,0,0,0,0,0,0,0,3,1,0,1,0,0,0,4,1,0,74,0,0,1,1,1,1,0,0,3448
431,1,24,2,0,0,0,0,0,0,0,2,2,0,1,0,1,0,3,0,0,29,1,0,1,2,3,1,1,0,11328
432,0,6,4,0,0,1,0,0,0,0,0,4,0,1,0,0,0,4,0,1,36,0,0,0,3,3,1,1,0,1872
433,3,24,4,0,0,0,0,0,0,0,2,4,1,0,0,0,0,2,1,0,33,0,0,1,2,2,1,1,0,2058
434,0,9,2,0,0,1,0,0,0,0,2,3,0,1,0,0,0,2,1,0,25,0,0,1,1,2,1,0,0,2136
435,1,12,2,0,0,0,1,0,0,4,2,2,0,0,1,0,0,1,1,0,25,0,0,1,1,2,1,1,0,1484
436,3,6,2,0,0,0,0,0,0,2,3,2,0,0,1,0,0,4,1,0,23,0,1,0,1,1,1,0,0,660
437,3,24,4,1,0,0,0,0,0,3,4,4,0,0,0,0,0,4,1,0,37,0,0,1,2,2,1,1,0,1287
438,0,42,4,0,0,0,0,0,0,0,0,4,0,1,0,1,0,4,0,0,65,0,0,1,2,0,1,0,0,3394
439,2,12,1,0,0,0,0,0,0,0,1,4,0,0,0,0,0,1,1,0,26,0,0,1,1,0,1,0,0,609
440,3,12,2,1,0,0,0,0,0,0,4,4,0,1,0,0,0,4,0,0,39,0,0,1,1,3,1,1,0,1884
441,0,12,2,0,0,1,0,0,0,0,2,2,0,0,0,1,0,3,0,0,30,0,0,1,1,2,1,0,0,1620
442,1,20,3,0,0,0,0,0,0,0,2,2,0,1,0,0,0,3,0,0,29,1,0,1,2,2,1,1,0,2629
443,3,12,2,0,0,0,0,1,0,0,4,4,0,1,0,0,0,4,0,0,41,1,0,1,1,1,2,0,0,719
444,1,48,4,0,0,1,0,0,0,0,2,2,0,0,0,0,0,3,0,0,30,0,0,1,1,3,1,1,0,5096
445,3,9,4,0,0,0,0,1,0,4,4,4,0,0,0,0,0,4,0,0,41,0,1,0,2,1,1,0,0,1244
446,0,36,2,1,0,0,0,0,0,0,1,4,0,0,0,0,0,4,0,0,34,0,0,1,1,2,1,1,0,1842
447,1,7,2,0,0,0,1,0,0,0,2,2,0,1,0,0,1,2,1,0,35,0,0,1,1,2,1,0,0,2576
448,2,12,2,0,0,1,0,0,0,4,4,3,0,0,0,0,0,4,1,0,55,0,0,1,1,3,1,1,0,1424
449,1,15,3,0,0,0,0,0,0,3,2,3,0,0,1,0,0,3,0,0,61,1,0,1,2,2,1,0,0,1512
450,3,36,4,0,1,0,0,0,0,4,2,4,0,1,0,0,0,2,0,0,30,0,0,1,1,3,1,1,0,11054
451,3,6,2,0,0,0,1,0,0,0,2,3,0,0,0,0,0,1,1,0,29,0,0,1,1,2,1,0,0,518
452,3,12,0,0,0,1,0,0,0,0,4,2,0,1,0,0,0,4,0,0,34,0,0,1,2,2,1,0,0,2759
453,3,24,2,0,1,0,0,0,0,0,4,4,0,1,0,0,0,4,0,0,35,0,0,1,1,3,1,1,0,2670
454,0,24,2,1,0,0,0,0,0,0,3,2,0,1,0,1,0,3,0,0,31,0,0,1,1,2,1,1,0,4817
455,3,24,2,0,1,0,0,0,0,0,1,4,0,0,0,0,0,1,0,1,29,0,0,1,1,3,1,1,0,2679
456,0,11,4,1,0,0,0,0,0,0,2,2,0,1,0,0,0,2,1,0,36,0,1,0,2,2,2,0,0,3905
457,0,12,2,0,1,0,0,0,0,0,4,3,0,1,0,0,0,4,0,1,35,0,0,0,1,2,1,1,0,3386
458,0,6,2,0,0,0,0,0,0,0,1,4,0,0,0,0,0,1,1,0,27,0,0,1,1,2,1,0,0,343
459,3,18,2,0,0,0,1,0,0,0,1,3,0,1,0,0,0,2,0,0,32,0,0,1,1,2,1,1,0,4594
460,0,36,2,0,0,1,0,0,0,0,2,1,0,1,0,0,1,2,0,0,37,0,0,1,1,2,2,0,0,3620
461,0,15,2,1,0,0,0,0,0,0,1,2,0,1,0,0,0,3,1,0,36,0,0,1,1,2,1,0,0,1721
462,1,12,2,0,0,1,0,0,0,0,1,3,0,0,0,0,0,1,1,0,34,0,1,0,1,3,1,0,0,3017
463,1,12,2,0,0,0,0,0,1,4,4,4,0,1,0,0,0,4,0,0,38,0,0,1,2,2,1,0,0,754
464,3,18,2,0,0,0,0,0,0,0,3,4,0,1,0,0,0,1,0,0,34,1,0,1,2,2,1,1,0,1950
465,0,24,2,0,1,0,0,0,0,0,2,3,0,1,0,0,1,4,0,1,63,1,0,1,1,2,2,1,0,2924
466,0,24,3,0,0,0,1,0,0,0,1,4,0,0,0,0,0,2,0,0,29,0,1,0,1,1,1,1,0,1659
467,3,48,3,0,0,0,1,0,0,4,4,3,0,1,0,0,0,3,0,0,32,1,0,1,2,2,2,0,0,7238
468,3,33,3,0,0,0,0,0,0,0,2,2,0,0,0,0,0,2,0,0,26,0,0,1,2,2,1,1,0,2764
469,3,24,3,0,1,0,0,0,0,0,3,3,0,1,0,0,0,3,0,0,35,0,0,1,2,1,1,1,0,4679
470,1,24,2,0,0,0,1,0,0,1,1,3,0,0,1,0,0,2,0,0,22,0,1,0,1,2,1,1,0,3092
471,0,6,2,0,0,0,0,1,0,0,1,4,0,0,0,0,0,4,0,0,23,0,0,1,1,2,1,0,0,448
472,0,9,2,1,0,0,0,0,0,0,2,4,0,1,0,0,0,3,0,0,28,0,0,1,1,1,1,0,0,654
473,3,6,2,0,0,0,0,0,1,4,0,4,0,1,0,0,0,4,0,0,36,0,0,1,1,3,2,1,0,1238
474,1,18,4,0,0,0,1,0,0,0,2,4,0,0,1,0,0,2,0,0,33,0,0,1,1,2,1,0,0,1245
475,0,18,0,0,0,1,0,0,0,0,1,1,0,0,0,0,0,4,0,0,26,0,1,0,1,2,1,0,0,3114
476,3,39,2,0,1,0,0,0,0,2,2,4,0,1,0,0,0,4,0,0,24,0,0,1,1,2,1,0,0,2569
477,2,24,2,0,0,0,1,0,0,0,3,4,0,1,0,0,0,2,0,0,25,1,0,1,1,2,1,0,0,5152
478,1,12,2,0,0,0,0,0,0,1,3,3,0,1,0,0,0,4,1,0,39,0,0,1,1,1,1,0,0,1037
479,0,15,4,0,0,1,0,0,0,0,4,4,0,1,0,0,0,4,0,0,44,0,0,1,2,2,2,1,0,1478
480,1,12,4,0,0,0,1,0,0,0,2,1,0,0,0,0,0,1,1,0,23,0,0,1,1,1,1,0,0,3573
481,1,24,2,1,0,0,0,0,0,0,1,4,0,1,0,0,0,1,0,0,26,0,0,1,1,2,1,0,0,1201
482,0,30,2,0,0,1,0,0,0,3,4,4,0,0,0,0,0,4,0,0,57,0,1,0,2,2,1,1,0,3622
483,3,15,3,0,0,1,0,0,0,3,3,3,0,0,0,0,0,2,0,0,30,0,0,1,2,2,1,0,0,960
484,3,12,4,1,0,0,0,0,0,2,2,4,0,1,0,0,0,4,1,0,44,0,0,1,1,2,1,1,0,1163
485,1,6,3,1,0,0,0,0,0,0,0,4,0,1,0,0,0,4,0,0,47,0,0,1,1,3,1,1,0,1209
486,3,12,2,0,0,0,1,0,0,0,2,2,0,1,0,0,0,4,0,0,52,0,0,1,1,2,1,1,0,3077
487,3,24,2,1,0,0,0,0,0,0,4,4,0,0,0,1,0,4,0,1,62,0,0,0,1,2,1,1,0,3757
488,3,10,2,1,0,0,0,0,0,1,2,3,0,1,0,0,0,2,1,0,35,0,1,0,1,1,1,0,1,1418
489,3,6,2,1,0,0,0,0,0,0,2,2,0,1,0,0,1,3,0,0,26,0,1,0,1,2,1,0,0,3518
490,3,12,4,0,0,0,1,0,0,0,4,2,0,1,0,0,0,2,0,1,26,0,0,1,2,2,1,0,0,1934
491,1,27,0,0,0,0,0,0,0,0,4,2,0,0,0,0,0,4,0,1,42,0,0,0,2,3,1,1,0,8318
492,3,6,4,0,0,0,1,0,0,1,2,1,0,0,0,0,0,1,0,0,27,0,0,1,2,2,1,0,0,1237
493,1,6,2,0,0,0,1,0,0,4,4,4,0,1,0,0,0,4,0,0,38,0,0,1,1,2,1,0,0,368
494,0,12,4,1,0,0,0,0,0,0,2,3,0,1,0,0,0,2,1,0,39,0,1,0,2,1,2,0,1,2122
495,0,24,2,0,0,1,0,0,0,4,2,2,0,0,1,0,0,4,0,0,20,0,0,1,1,2,1,0,0,2996
496,1,36,2,0,0,1,0,0,0,1,1,4,0,1,0,1,0,1,0,1,29,0,1,0,1,3,1,1,0,9034
497,3,24,4,0,0,1,0,0,0,0,3,4,0,1,0,0,0,3,0,0,40,0,0,1,2,2,1,0,0,1585
498,1,18,2,0,0,0,1,0,0,0,4,4,0,0,1,0,1,2,1,0,32,0,0,1,1,1,1,0,0,1301
499,2,6,4,1,0,0,0,0,0,1,4,2,1,0,0,0,0,4,0,0,28,0,0,1,2,2,2,1,0,1323
500,0,24,2,1,0,0,0,0,0,0,1,4,0,0,0,0,0,1,0,0,27,0,0,1,1,2,1,0,0,3123
501,0,36,2,0,1,0,0,0,0,0,4,2,0,1,0,0,0,4,0,1,42,0,0,0,1,2,2,0,0,5493
502,2,9,2,0,0,0,1,0,0,1,4,2,1,0,0,0,0,4,1,0,49,0,0,1,1,2,1,0,0,1126
503,1,24,4,0,0,0,1,0,0,1,1,4,0,1,0,0,0,4,0,1,38,1,0,1,2,2,2,0,0,1216
504,0,24,2,1,0,0,0,0,0,0,1,4,0,0,0,0,0,4,0,0,24,0,1,0,1,2,1,0,0,1207
505,3,10,2,1,0,0,0,0,0,4,2,4,0,1,0,0,1,4,0,0,27,0,0,1,1,1,1,0,0,1309
506,2,15,4,0,1,0,0,0,0,2,2,2,0,1,0,0,0,2,0,0,36,0,0,1,1,2,1,1,0,2360
507,1,15,1,1,0,0,0,0,0,1,0,1,0,1,0,0,0,2,0,0,34,0,0,1,1,3,2,1,0,6850
508,3,24,2,0,0,0,1,0,0,0,2,4,0,0,1,0,0,2,0,0,28,0,0,1,1,2,1,0,0,1413
509,3,39,2,0,1,0,0,0,0,1,4,4,0,1,0,0,0,2,0,0,45,0,0,1,1,3,1,1,0,8588
510,0,12,2,1,0,0,0,0,0,0,3,4,0,1,0,0,0,2,1,0,26,0,0,1,1,2,1,0,0,759
511,3,36,2,0,1,0,0,0,0,0,2,2,0,1,0,0,0,2,0,1,32,0,0,0,1,3,1,1,0,4686
512,2,15,2,0,0,0,0,0,0,0,3,2,0,1,0,0,0,4,0,0,26,0,1,0,1,2,1,1,0,2687
513,1,12,3,0,0,0,1,0,0,0,2,4,0,0,1,1,0,4,1,0,20,0,1,0,2,2,1,0,0,585
514,3,24,2,1,0,0,0,0,0,4,1,4,0,1,0,0,0,1,0,0,54,0,0,1,1,2,1,0,0,2255
515,0,6,4,1,0,0,0,0,0,0,3,4,0,0,0,0,0,3,0,0,37,0,0,1,2,2,1,0,1,609
516,0,6,4,1,0,0,0,0,0,0,1,2,0,1,0,0,0,4,1,0,40,0,0,1,1,1,2,0,1,1361
517,3,36,4,0,0,1,0,0,0,0,1,2,0,0,0,0,0,4,0,0,23,0,1,0,2,2,1,1,0,7127
518,0,6,2,1,0,0,0,0,0,1,4,3,0,1,0,0,0,2,0,0,43,0,0,1,1,2,1,1,0,1203
519,3,6,4,0,0,0,1,0,0,4,4,4,0,1,0,0,0,4,0,1,36,0,0,0,2,2,1,0,0,700
520,3,24,4,0,0,0,0,0,0,0,4,3,0,1,0,0,0,4,0,1,44,0,0,0,2,2,1,0,0,5507
521,0,18,2,0,0,0,1,0,0,0,2,2,0,0,0,0,0,2,1,0,24,0,0,1,1,2,1,0,0,3190
522,0,48,0,0,0,1,0,0,0,0,2,3,0,1,0,0,0,4,0,1,53,0,0,0,2,2,2,0,0,7119
523,3,24,2,0,1,0,0,0,0,1,3,3,0,0,0,0,0,4,0,0,23,0,0,1,1,2,1,0,0,3488
524,1,18,2,0,0,0,1,0,0,0,2,4,0,0,0,0,1,4,1,0,26,0,0,1,1,1,2,0,0,1113
525,1,26,2,0,1,0,0,0,0,0,1,2,0,1,0,0,0,3,0,0,30,0,0,1,2,2,1,0,0,7966
526,3,15,4,0,0,0,0,1,0,1,2,4,0,0,0,0,0,3,0,0,31,0,0,1,1,2,1,0,0,1532
527,3,4,4,0,0,0,1,0,0,0,3,2,0,1,0,0,0,1,1,0,42,0,0,1,2,1,2,0,0,1503
528,0,36,2,0,0,0,1,0,0,0,2,4,1,0,0,0,0,4,0,0,31,0,1,0,1,2,1,0,0,2302
529,0,6,2,1,0,0,0,0,0,0,1,3,0,1,0,0,0,4,1,0,41,0,0,1,1,1,2,1,0,662
530,1,36,2,0,0,0,0,1,0,0,3,3,0,1,0,0,0,1,0,0,32,0,0,1,2,2,2,0,0,2273
531,1,15,2,1,0,0,0,0,0,1,2,2,0,0,0,0,0,4,0,0,28,0,1,0,2,2,1,1,0,2631
532,3,12,3,0,1,0,0,0,0,0,2,4,0,0,1,0,0,4,1,0,41,0,1,0,1,2,1,0,0,1503
533,3,24,2,0,0,0,1,0,0,1,3,4,0,0,1,0,0,3,0,0,26,0,0,1,1,2,1,1,0,1311
534,3,24,2,0,0,0,1,0,0,4,1,4,0,1,0,0,0,2,0,0,25,0,0,1,2,2,1,0,0,3105
535,2,21,4,0,0,0,0,1,0,0,1,2,1,0,0,0,0,1,0,0,33,0,1,0,1,2,1,0,0,2319
536,0,6,2,1,0,0,0,0,0,4,0,4,0,0,0,0,0,3,0,0,75,0,0,1,1,3,1,1,0,1374
537,1,18,4,0,0,1,0,0,0,0,4,3,0,0,0,0,0,4,0,0,37,0,0,1,1,2,1,1,0,3612
538,0,48,2,1,0,0,0,0,0,0,4,4,0,1,0,0,0,4,0,1,42,1,0,0,1,3,1,0,0,7763
539,2,18,2,0,0,1,0,0,0,0,1,1,0,0,0,0,0,1,0,0,45,1,0,1,1,1,1,0,0,3049
540,1,12,2,0,0,0,1,0,0,0,1,1,0,0,1,0,0,1,1,0,23,0,1,0,1,2,1,0,0,1534
541,3,24,3,1,0,0,0,0,0,0,4,4,0,1,0,0,0,4,0,1,60,0,0,0,2,2,1,1,0,2032
542,0,30,2,0,0,1,0,0,0,4,4,4,0,1,0,0,0,4,0,0,31,0,0,1,1,2,1,0,0,6350
543,2,18,2,0,0,1,0,0,0,0,2,2,0,1,0,0,0,1,1,0,34,0,0,1,1,1,2,0,0,2864
544,3,12,4,1,0,0,0,0,0,0,4,4,0,1,0,0,0,4,1,0,61,0,0,1,2,1,1,0,0,1255
545,0,24,3,1,0,0,0,0,0,0,0,4,0,1,0,0,0,2,1,0,43,0,0,0,2,2,2,0,0,1333
546,3,24,4,1,0,0,0,0,0,0,2,4,0,0,0,0,0,4,0,0,37,0,0,1,1,2,1,1,0,2022
547,3,24,2,0,0,0,1,0,0,0,3,3,0,1,0,0,0,1,0,0,32,1,0,1,1,2,2,0,0,1552
548,0,12,1,0,0,0,1,0,0,0,2,4,0,0,0,0,0,4,1,0,24,1,0,1,1,1,1,0,0,626
549,3,48,4,0,1,0,0,0,0,4,3,2,0,1,0,0,0,1,0,1,35,0,0,0,2,2,1,1,0,8858
550,3,12,4,0,0,0,0,0,0,4,3,4,0,0,0,0,0,4,1,0,23,0,0,1,2,2,1,0,0,996
551,3,6,1,0,0,0,1,0,0,2,4,2,0,1,0,0,0,4,0,0,45,1,0,1,1,1,2,0,0,1750
552,0,48,2,0,0,0,1,0,0,0,3,1,0,0,1,0,1,1,1,0,34,0,0,1,2,2,1,1,0,6999
553,1,12,4,1,0,0,0,0,0,1,1,4,0,1,0,0,0,1,0,0,27,0,0,1,1,2,1,0,0,1995
554,1,9,2,0,0,0,0,1,0,0,3,4,0,0,0,0,0,4,0,0,67,0,0,1,2,3,1,1,0,1199
555,1,12,2,0,0,0,1,0,0,0,1,2,0,1,0,0,0,1,0,0,22,1,0,1,1,2,1,0,0,1331
556,1,18,0,1,0,0,0,0,0,1,1,3,0,0,0,0,0,3,0,0,28,0,0,1,2,2,1,0,0,2278
557,3,21,0,1,0,0,0,0,0,4,2,1,0,0,0,0,0,4,0,0,29,1,0,1,2,2,1,1,0,5003
558,0,24,1,0,0,1,0,0,0,0,3,3,0,1,0,0,0,4,0,0,27,1,0,1,1,2,1,0,0,3552
559,1,18,4,0,0,1,0,0,0,0,1,2,0,1,0,0,0,2,1,0,31,0,0,1,2,1,1,0,0,1928
560,0,24,2,0,1,0,0,0,0,4,4,4,0,1,0,0,0,4,0,1,49,1,0,0,1,2,2,1,0,2964
561,0,24,1,0,0,0,1,0,0,0,3,4,0,1,0,0,1,4,0,0,24,1,1,0,1,1,1,0,0,1546
562,2,6,3,0,0,0,1,0,0,0,1,2,0,0,0,0,0,1,0,0,29,1,0,1,1,2,1,0,0,683
563,1,36,2,1,0,0,0,0,0,4,2,1,0,1,0,0,0,4,0,1,37,0,0,0,1,2,1,1,0,12389
564,1,24,3,0,0,0,0,0,0,4,2,4,0,1,0,0,0,2,0,0,37,1,0,1,2,3,1,1,0,4712
565,1,24,3,0,0,0,1,0,0,1,3,3,0,0,0,0,0,2,0,0,23,0,1,0,2,2,1,1,0,1553
566,0,12,2,1,0,0,0,0,0,0,3,2,1,0,0,0,0,3,0,0,36,0,0,1,1,2,1,0,0,1372
567,3,24,4,0,0,0,1,0,0,3,4,2,0,1,0,0,0,2,0,0,34,0,0,1,1,2,1,0,0,2578
568,1,48,2,0,0,0,1,0,0,4,3,4,0,1,0,0,0,1,0,0,41,0,0,1,2,2,2,1,0,3979
569,0,48,2,0,0,0,1,0,0,0,2,3,0,0,0,0,0,2,0,0,31,0,0,1,1,2,1,1,0,6758
570,0,24,2,0,0,1,0,0,0,0,1,4,0,0,0,0,0,4,1,0,23,0,1,0,1,1,1,1,0,3234
571,3,30,4,0,0,0,1,0,0,0,3,3,0,1,0,1,0,2,0,0,38,0,0,1,1,2,1,0,0,5954
572,3,24,2,0,1,0,0,0,0,4,0,2,0,0,0,0,0,4,0,0,26,0,1,0,1,3,1,1,0,5433
573,0,15,2,0,0,0,0,0,0,0,2,4,0,0,0,0,0,4,0,0,22,0,0,1,1,1,1,0,0,806
574,1,9,2,0,0,0,1,0,0,0,4,4,0,1,0,0,0,4,0,0,27,0,0,1,2,1,1,0,0,1082
575,3,15,4,0,0,1,0,0,0,0,3,2,0,0,0,1,0,3,0,0,24,1,0,1,2,2,1,0,0,2788
576,1,12,2,0,0,0,1,0,0,0,3,2,0,0,0,0,0,1,1,0,27,0,0,1,1,2,1,0,0,2930
577,3,24,4,0,0,0,0,1,0,4,2,3,0,0,0,0,0,2,0,0,33,0,0,1,2,2,1,1,0,1927
578,1,36,4,1,0,0,0,0,0,0,1,4,1,0,0,0,0,4,0,0,27,0,0,1,2,2,1,0,0,2820
579,3,24,2,0,0,0,0,0,1,0,1,4,0,0,1,0,0,3,0,0,27,0,0,1,2,1,1,0,0,937
580,1,18,4,1,0,0,0,0,0,0,4,3,0,1,0,0,1,3,1,0,30,1,0,1,2,2,1,0,0,1056
581,1,12,4,1,0,0,0,0,0,0,1,1,0,1,0,0,0,3,1,0,49,1,0,1,2,1,2,0,0,3124
582,3,9,2,0,0,1,0,0,0,0,2,4,0,0,0,0,0,2,1,0,26,0,1,0,1,2,1,0,0,1388
583,1,36,2,0,0,0,0,0,0,0,1,4,0,1,0,0,0,1,0,1,33,0,1,0,1,1,1,0,0,2384
584,3,12,2,1,0,0,0,0,0,4,4,4,0,0,0,0,0,4,0,1,52,0,0,0,1,3,1,1,0,2133
585,0,18,2,0,0,1,0,0,0,0,2,1,0,0,0,0,0,4,1,0,20,1,1,0,1,2,1,0,0,2039
586,0,9,4,1,0,0,0,0,0,0,2,2,0,1,0,0,0,2,1,0,36,0,1,0,2,2,2,0,0,2799
587,0,12,2,0,0,1,0,0,0,0,2,4,0,1,0,0,1,1,0,0,21,0,0,1,1,1,1,0,0,1289
588,0,18,2,0,0,0,0,0,0,0,2,4,0,0,1,0,0,3,1,0,47,0,0,1,1,1,1,1,0,1217
589,0,12,4,0,0,1,0,0,0,0,4,3,0,1,0,0,0,3,0,0,60,0,0,1,2,2,1,0,0,2246
590,0,12,4,0,0,0,1,0,0,0,3,4,0,0,0,0,0,3,1,0,58,0,0,1,4,1,1,1,0,385
591,1,24,3,1,0,0,0,0,0,4,2,4,0,0,0,0,0,4,0,0,42,0,1,0,2,2,1,1,0,1965
592,3,21,2,0,0,0,0,0,0,3,4,4,0,0,0,0,0,4,1,0,36,1,0,1,1,1,1,0,0,1572
593,1,24,2,1,0,0,0,0,0,0,2,3,0,0,0,0,0,4,0,0,20,0,1,0,1,1,1,1,0,2718
594,0,24,1,0,0,0,0,0,0,4,4,4,0,1,0,0,0,3,0,0,40,1,0,1,1,3,1,1,0,1358
595,1,6,1,1,0,0,0,0,0,1,1,1,0,0,0,0,0,1,0,0,32,1,0,1,1,1,1,0,0,931
596,0,24,2,1,0,0,0,0,0,0,3,4,0,0,0,0,0,4,0,0,23,0,1,0,2,2,1,0,0,1442
597,1,24,0,0,0,0,0,0,0,0,2,1,0,1,0,0,0,4,1,0,36,0,0,1,3,1,1,1,0,4241
598,3,18,4,1,0,0,0,0,0,0,3,2,0,1,0,0,0,2,0,0,31,1,0,1,2,2,1,0,0,2775
599,3,24,3,0,0,0,0,0,0,0,2,1,0,1,0,0,0,2,0,1,32,0,0,0,1,2,1,0,0,3863
600,1,7,2,0,0,0,1,0,0,0,1,1,0,0,0,0,1,1,1,0,45,0,0,1,1,2,1,0,0,2329
601,1,9,2,0,0,1,0,0,0,0,2,4,0,0,0,0,0,1,0,0,30,0,0,1,1,2,1,0,0,918
602,1,24,1,0,0,0,0,1,0,0,3,4,0,0,0,0,0,4,0,1,34,1,0,0,1,1,1,0,0,1837
603,3,36,2,0,0,1,0,0,0,0,2,4,0,0,0,0,0,2,0,0,28,0,0,1,1,3,1,1,0,3349
604,2,10,2,0,0,1,0,0,0,0,1,4,0,0,0,0,0,2,0,0,23,0,0,1,1,2,1,0,0,1275
605,0,24,1,0,0,1,0,0,0,2,2,4,0,1,0,0,0,4,1,0,22,1,0,1,1,2,1,1,0,2828
606,3,24,4,0,0,0,0,0,0,0,2,3,0,1,0,0,0,2,1,0,74,0,0,1,1,3,1,1,0,4526
607,1,36,2,0,0,0,1,0,0,1,2,4,0,0,0,1,0,4,0,1,50,0,0,0,1,2,1,0,0,2671
608,3,18,2,0,0,0,1,0,0,0,1,4,0,1,0,0,0,1,1,0,33,0,0,1,1,2,1,0,0,2051
609,3,15,2,0,1,0,0,0,0,4,4,4,0,1,0,0,0,4,0,1,45,1,0,0,1,2,2,0,0,1300
610,0,12,2,0,0,0,0,0,0,1,0,4,0,0,0,0,0,3,0,0,22,0,0,1,1,2,1,0,0,741
611,2,10,2,1,0,0,0,0,0,1,4,1,0,0,0,0,0,4,0,1,48,0,0,0,1,1,2,0,0,1240
612,0,21,2,0,0,0,1,0,0,3,1,4,0,0,0,0,0,2,0,0,29,1,0,1,1,2,1,0,0,3357
613,0,24,1,0,1,0,0,0,0,0,2,1,0,0,0,0,1,4,0,0,22,1,1,0,1,2,1,0,1,3632
614,3,18,3,0,0,1,0,0,0,0,3,4,0,0,0,0,0,1,1,0,22,0,0,1,1,2,1,0,0,1808
615,1,48,0,0,0,0,0,0,0,4,2,2,0,1,0,0,0,2,0,0,48,1,0,1,1,3,1,1,0,12204
616,1,60,3,0,0,0,1,0,0,4,2,2,0,1,0,0,0,2,0,1,27,0,0,0,1,3,1,0,0,9157
617,0,6,4,1,0,0,0,0,0,0,2,1,0,1,0,0,0,3,1,0,37,0,1,0,3,2,2,0,0,3676
618,1,30,2,0,0,1,0,0,0,1,2,2,0,0,0,1,0,4,0,0,21,0,1,0,1,2,1,0,0,3441
619,3,12,2,1,0,0,0,0,0,0,2,4,1,0,0,0,0,2,1,0,49,0,0,1,1,1,1,0,0,640
620,1,21,4,0,0,0,0,0,0,0,3,2,0,1,0,0,0,3,0,0,27,0,0,1,2,2,1,0,0,3652
621,3,18,4,1,0,0,0,0,0,0,2,3,0,1,0,0,0,2,0,0,32,1,0,1,2,2,1,0,0,1530
622,3,48,2,0,0,0,0,0,0,4,2,4,1,0,0,0,0,2,1,0,38,1,0,1,1,2,1,0,0,3914
623,0,12,2,0,0,1,0,0,0,0,1,4,0,0,0,0,0,1,0,0,22,0,1,0,1,2,1,0,0,1858
624,0,18,2,0,0,0,1,0,0,0,2,4,0,1,0,0,0,4,0,1,65,0,0,0,2,2,1,0,0,2600
625,3,15,2,0,0,0,1,0,0,4,4,4,0,1,0,0,0,2,0,0,35,0,0,1,1,2,1,0,0,1979
626,2,6,2,0,0,1,0,0,0,0,2,2,0,1,0,0,0,2,1,0,41,0,0,1,1,2,1,1,0,2116
627,1,9,1,1,0,0,0,0,0,1,3,2,0,1,0,0,0,3,0,1,29,0,0,1,1,2,1,0,0,1437
628,3,42,4,0,0,1,0,0,0,2,2,4,0,1,0,0,0,4,1,0,36,0,0,1,2,2,1,1,0,4042
629,3,9,2,0,0,0,0,1,0,4,4,1,0,1,0,0,0,4,1,0,64,0,0,1,1,1,1,0,0,3832
630,0,24,2,0,0,0,1,0,0,0,2,2,0,0,0,0,0,4,0,0,28,0,0,1,1,2,1,0,0,3660
631,0,18,1,0,0,1,0,0,0,0,2,4,0,1,0,0,0,3,0,0,44,1,0,1,1,2,1,0,0,1553
632,1,15,2,0,0,0,1,0,0,4,1,4,0,1,0,0,0,1,0,0,23,0,0,1,1,2,1,0,0,1444
633,3,9,2,0,0,1,0,0,0,0,1,2,0,0,0,1,0,2,0,0,19,0,1,0,2,2,1,0,0,1980
634,1,24,2,1,0,0,0,0,0,0,1,3,0,0,0,0,0,4,0,0,25,0,0,1,1,1,1,1,0,1355
635,3,12,2,0,0,0,0,1,0,0,4,4,0,1,0,0,0,4,0,0,47,1,0,1,3,2,2,1,0,1393
636,3,24,2,0,0,0,1,0,0,2,3,4,0,0,0,0,0,1,0,0,28,0,0,1,1,2,1,0,0,1376
637,3,60,3,0,0,0,1,0,0,0,3,2,0,1,0,0,0,4,0,0,21,0,0,1,2,2,1,1,0,15653
638,3,12,2,0,0,0,1,0,0,0,1,4,0,0,0,0,0,3,0,0,34,0,0,1,1,2,2,0,0,1493
639,0,42,3,0,0,0,1,0,0,0,3,3,0,1,0,0,0,2,0,0,26,1,0,1,2,2,2,1,0,4370
640,0,18,2,0,0,0,0,1,0,0,0,4,0,0,0,0,0,1,1,0,27,0,0,1,1,0,1,0,0,750
641,1,15,2,0,0,0,0,0,0,0,4,4,0,1,0,0,0,4,0,0,38,0,0,1,2,1,1,0,0,1308
642,3,15,2,0,0,0,0,1,0,1,2,3,0,1,0,0,0,2,0,0,40,0,0,1,1,3,1,1,0,4623
643,3,24,4,0,0,0,1,0,0,0,3,4,0,0,1,0,1,2,0,0,33,0,0,1,2,2,1,1,0,1851
644,0,18,4,0,0,0,1,0,0,0,3,4,0,0,1,0,0,1,0,0,32,0,0,1,2,3,1,1,0,1880
645,3,36,3,0,0,0,0,0,0,4,1,4,0,1,0,0,0,4,0,0,27,0,1,0,2,2,1,1,0,7980
646,0,30,0,0,0,1,0,0,0,0,2,2,1,0,0,0,1,2,1,0,32,0,0,1,2,2,1,0,0,4583
647,3,12,2,1,0,0,0,0,0,2,2,2,0,0,0,0,0,2,0,0,26,0,0,1,1,2,1,0,0,1386
648,2,24,2,1,0,0,0,0,0,0,3,4,0,1,0,0,0,3,0,1,38,1,0,0,1,2,2,0,0,947
649,0,12,2,0,0,0,0,1,0,0,2,4,0,1,0,0,0,4,0,0,40,0,1,0,1,1,2,0,0,684
650,0,48,2,0,0,0,0,1,0,0,3,4,0,1,0,0,0,1,0,1,50,0,0,0,1,3,1,1,0,7476
651,1,12,2,0,0,1,0,0,0,0,2,4,0,1,0,0,0,2,0,0,37,0,0,1,1,1,1,0,0,1922
652,0,24,2,1,0,0,0,0,0,0,4,4,0,1,0,1,0,1,1,0,45,0,0,1,1,2,1,0,0,2303
653,1,36,3,1,0,0,0,0,0,1,4,2,0,1,0,0,0,4,0,0,42,0,0,1,4,3,1,1,0,8086
654,3,24,4,0,1,0,0,0,0,0,3,4,0,1,0,0,0,3,0,0,35,0,0,1,2,2,1,1,0,2346
655,0,14,2,1,0,0,0,0,0,0,0,1,0,1,0,0,0,4,0,1,22,0,0,0,1,2,1,0,0,3973
656,1,12,2,1,0,0,0,0,0,0,4,4,0,1,0,0,0,4,0,0,41,1,0,1,1,1,2,0,0,888
657,3,48,2,0,0,0,1,0,0,4,3,4,0,1,0,0,0,3,0,0,37,1,0,1,1,2,1,1,0,10222
658,1,30,0,0,0,0,0,0,0,0,2,2,0,0,0,0,0,1,0,0,28,0,0,1,2,2,1,0,0,4221
659,1,18,4,0,0,1,0,0,0,0,4,2,0,1,0,0,0,1,0,1,41,0,0,1,1,2,1,1,0,6361
660,2,12,2,0,0,0,1,0,0,0,2,3,0,0,1,0,0,4,1,0,23,0,1,0,1,2,1,0,0,1297
661,0,12,2,1,0,0,0,0,0,4,2,4,0,0,1,0,0,2,0,0,23,0,0,1,1,2,1,0,0,900
662,3,21,2,0,0,1,0,0,0,0,4,4,0,1,0,0,0,2,1,0,50,0,0,1,2,2,1,0,0,2241
663,1,6,3,0,0,1,0,0,0,0,0,4,0,1,0,0,0,1,0,0,35,1,0,1,2,3,1,1,0,1050
664,2,6,4,0,0,0,0,1,0,0,2,2,0,0,0,0,0,4,0,0,50,0,0,1,1,1,1,0,0,1047
665,3,24,4,0,0,0,0,0,0,0,0,4,0,1,0,1,0,2,0,1,27,1,0,1,2,3,1,1,0,6314
666,1,30,1,0,0,1,0,0,0,3,2,4,0,1,0,0,0,2,0,0,34,1,0,1,1,2,2,1,0,3496
667,3,48,1,0,0,0,0,0,0,0,2,1,0,0,0,0,0,1,1,0,27,1,0,1,1,2,1,0,0,3609
668,0,12,4,1,0,0,0,0,0,0,4,3,0,1,0,1,0,4,0,0,43,0,1,0,2,2,1,1,0,4843
669,2,30,4,0,0,0,1,0,0,0,4,4,0,1,0,0,0,4,0,0,47,0,0,1,1,2,1,0,0,3017
670,3,24,4,0,0,0,0,0,0,1,2,3,0,1,0,0,0,3,0,0,27,0,0,1,2,1,1,1,0,4139
671,3,36,2,0,0,0,0,0,0,1,3,2,0,1,0,0,0,2,0,0,31,0,0,1,2,2,1,1,0,5742
672,3,60,2,1,0,0,0,0,0,0,4,2,0,1,0,0,0,4,0,0,42,0,0,1,1,3,1,1,0,10366
673,3,6,4,1,0,0,0,0,0,2,2,1,0,0,1,0,0,2,0,0,24,0,0,1,1,2,1,0,0,2080
674,3,21,3,0,0,0,0,0,0,2,1,4,0,1,0,0,0,2,1,0,41,1,0,1,1,1,2,0,0,2580
675,3,30,4,0,0,0,1,0,0,0,3,4,0,0,0,0,0,4,0,0,26,0,1,0,1,3,1,1,0,4530
676,3,24,4,0,0,1,0,0,0,0,4,4,0,1,0,0,0,4,0,0,33,0,0,1,1,2,1,1,0,5150
677,1,72,2,0,0,0,1,0,0,1,2,2,0,0,1,0,0,2,0,0,24,0,0,1,1,2,1,0,0,5595
678,0,24,2,0,0,0,1,0,0,0,4,4,0,1,0,0,0,4,1,0,64,1,1,0,1,1,1,0,0,2384
679,3,18,2,0,0,0,1,0,0,0,1,3,0,0,0,0,0,1,1,0,26,0,0,1,1,2,1,0,0,1453
680,3,6,2,0,0,0,0,1,0,0,1,1,0,0,0,0,0,2,0,1,56,0,0,1,1,2,1,0,0,1538
681,3,12,2,0,0,0,1,0,0,4,2,4,0,1,0,0,0,4,0,1,37,0,0,0,1,2,1,1,0,2279
682,3,15,3,0,0,0,1,0,0,0,2,4,0,0,1,0,0,3,1,0,33,1,0,1,2,2,1,0,0,1478
683,3,24,4,0,0,0,1,0,0,0,1,3,0,0,1,0,0,3,0,1,47,0,0,0,3,2,1,1,0,5103
684,1,36,3,0,0,0,0,0,0,1,3,1,0,1,0,0,0,3,0,0,31,0,0,1,2,1,2,1,0,9857
685,3,60,2,1,0,0,0,0,0,4,2,4,0,1,0,0,0,4,0,1,34,0,0,0,1,2,2,1,0,6527
686,2,10,4,0,0,0,1,0,0,4,3,4,0,1,0,0,0,2,0,0,27,0,0,1,2,2,1,1,0,1347
687,1,36,3,1,0,0,0,0,0,1,4,4,0,1,0,0,0,3,0,1,30,0,0,0,1,2,1,0,0,2862
688,3,9,2,0,0,0,1,0,0,1,4,3,0,1,0,1,0,4,0,0,35,0,0,1,1,2,1,1,0,2753
689,0,12,2,1,0,0,0,0,0,3,2,1,0,1,0,0,0,3,0,0,31,0,0,1,1,2,2,0,0,3651
690,0,15,4,0,0,1,0,0,0,0,2,2,1,0,0,0,0,3,0,0,25,0,0,1,2,2,1,0,0,975
691,1,15,2,0,0,0,0,0,0,1,2,3,0,0,0,0,0,2,1,0,25,0,0,1,1,1,1,0,0,2631
692,1,24,2,0,0,0,1,0,0,1,1,2,0,1,0,0,0,1,0,0,29,0,0,1,1,2,1,0,0,2896
693,0,6,4,1,0,0,0,0,0,4,1,1,0,1,0,0,0,3,1,0,44,0,0,1,2,1,2,0,0,4716
694,3,24,2,0,0,0,1,0,0,0,3,4,0,1,0,0,0,2,0,0,28,0,0,1,1,2,1,1,0,2284
695,3,6,2,0,1,0,0,0,0,2,2,2,0,1,0,0,0,4,0,0,50,0,1,0,1,2,1,0,0,1236
696,1,12,2,0,0,0,1,0,0,0,3,4,0,1,0,0,1,3,1,0,29,0,0,1,2,2,1,0,1,1103
697,3,12,4,1,0,0,0,0,0,0,0,1,0,0,0,0,0,2,0,0,38,0,0,1,1,0,1,0,0,926
698,3,18,4,0,0,0,1,0,0,0,2,4,0,1,0,0,0,2,0,0,24,0,0,1,2,2,1,0,0,1800
699,2,15,2,0,0,0,0,1,0,0,4,4,0,1,0,0,0,4,0,0,40,0,1,0,1,3,1,1,0,1905
700,3,12,2,0,0,1,0,0,0,2,2,4,0,0,0,0,0,4,0,0,29,0,1,0,1,1,1,0,0,1123
701,0,48,4,0,1,0,0,0,0,0,4,4,0,1,0,0,0,4,0,1,46,0,0,0,2,2,1,1,0,6331
702,2,24,2,0,0,0,1,0,0,1,4,4,0,0,0,0,0,2,0,1,47,0,0,0,1,2,1,1,0,1377
703,1,30,3,0,0,0,0,0,0,1,4,4,0,1,0,0,0,2,0,0,41,1,0,1,2,2,1,0,0,2503
704,1,27,2,0,0,0,0,0,0,0,1,4,0,0,0,0,0,1,0,0,32,0,0,1,1,2,2,1,0,2528
705,3,15,2,1,0,0,0,0,0,2,4,1,0,0,0,0,0,4,0,1,35,0,0,0,1,2,1,0,0,5324
706,1,48,2,1,0,0,0,0,0,1,3,3,0,1,0,0,0,2,0,0,24,0,0,1,1,2,1,0,0,6560
707,1,12,0,0,0,1,0,0,0,0,1,4,0,0,0,0,0,3,0,0,25,0,1,0,2,2,1,0,0,2969
708,1,9,2,0,0,0,1,0,0,0,4,4,0,0,0,0,0,4,1,0,25,0,0,1,1,2,1,0,0,1206
709,1,9,2,0,0,0,1,0,0,0,2,2,0,1,0,0,0,2,1,0,37,0,0,1,1,1,2,0,0,2118
710,3,18,4,0,0,0,1,0,0,2,4,4,0,1,0,0,0,3,0,0,32,1,0,1,2,3,1,1,0,629
711,0,6,1,0,0,0,0,1,0,0,4,4,0,0,0,0,0,4,0,1,35,0,0,0,1,2,1,0,0,1198
712,3,21,2,0,1,0,0,0,0,4,4,4,0,1,0,0,0,4,1,0,46,0,0,1,1,3,1,1,0,2476
713,0,9,4,0,0,0,1,0,0,0,2,4,0,1,0,0,0,4,1,0,25,0,0,1,2,1,1,0,0,1138
714,1,60,2,1,0,0,0,0,0,0,3,4,0,1,0,0,0,2,0,1,27,0,0,1,1,3,1,1,0,14027
715,3,30,4,0,1,0,0,0,0,4,4,1,0,1,0,0,0,4,0,0,63,0,0,1,2,2,1,0,0,7596
716,3,30,4,0,0,0,1,0,0,4,4,3,0,1,0,0,0,2,0,0,40,0,0,1,2,2,2,1,0,3077
717,3,18,2,0,0,0,1,0,0,0,2,4,0,1,0,0,0,2,0,1,32,0,0,0,1,3,1,1,0,1505
718,2,24,4,0,0,0,1,0,0,4,2,3,0,1,0,0,0,2,0,0,31,0,0,1,2,2,1,1,0,3148
719,1,20,0,0,1,0,0,0,0,1,4,3,0,0,1,0,0,4,0,0,31,1,0,1,2,2,1,1,0,6148
720,2,9,0,0,0,0,1,0,0,0,1,4,0,1,0,0,0,2,0,0,34,0,0,1,2,3,1,1,0,1337
721,1,6,1,0,0,0,0,1,0,3,1,4,0,0,0,0,0,2,0,0,24,1,1,0,1,2,2,0,0,433
722,0,12,2,1,0,0,0,0,0,0,2,4,0,0,0,0,0,2,1,0,24,0,0,1,1,1,1,0,0,1228
723,1,9,2,0,0,0,1,0,0,2,2,4,0,0,0,0,0,3,1,0,66,0,0,1,1,1,1,0,0,790
724,3,27,2,1,0,0,0,0,0,0,2,3,0,0,0,0,0,3,1,0,21,0,1,0,1,2,1,0,0,2570
725,3,6,4,1,0,0,0,0,0,3,2,2,0,0,0,0,0,2,1,0,41,1,0,1,2,1,1,0,0,250
726,3,15,4,0,0,0,1,0,0,2,2,2,0,0,1,0,0,2,0,0,47,0,0,1,2,1,1,0,0,1316
727,0,18,2,0,0,0,1,0,0,0,2,4,0,0,0,0,0,4,0,0,25,1,1,0,2,2,1,0,0,1882
728,1,48,1,0,0,0,0,0,0,0,4,4,0,0,0,0,0,3,0,1,59,0,1,0,1,2,1,0,0,6416
729,2,24,4,0,0,0,0,0,0,3,2,2,1,0,0,0,0,4,1,0,36,0,0,1,2,2,1,1,0,1275
730,1,24,3,0,0,0,1,0,0,0,1,1,0,1,0,0,0,2,0,0,33,0,0,1,1,2,1,0,0,6403
731,0,24,2,0,0,0,1,0,0,0,2,2,0,1,0,0,0,4,1,0,21,0,1,0,1,1,2,0,0,1987
732,1,8,2,0,0,0,1,0,0,0,3,4,0,0,0,0,1,2,1,0,44,0,0,1,1,1,1,0,0,760
733,3,24,2,0,1,0,0,0,0,3,2,2,0,0,0,0,0,4,0,0,28,0,1,0,1,2,1,1,0,2603
734,3,4,4,1,0,0,0,0,0,0,3,1,0,0,0,0,0,1,1,0,37,0,0,1,1,2,2,0,0,3380
735,1,36,1,0,0,0,0,0,0,4,1,3,0,0,0,0,0,2,0,1,29,1,0,1,1,0,1,0,0,3990
736,1,24,2,0,1,0,0,0,0,0,2,1,0,0,0,0,0,4,0,0,23,0,1,0,2,3,1,0,0,11560
737,0,18,2,1,0,0,0,0,0,1,2,3,0,1,0,0,0,4,0,0,35,0,0,1,1,1,2,1,0,4380
738,3,6,4,1,0,0,0,0,0,0,3,1,0,1,0,0,0,3,0,1,45,0,0,1,2,3,2,1,0,6761
739,1,30,0,0,0,0,0,0,0,1,2,4,0,0,0,0,0,4,0,0,26,0,1,0,2,1,1,0,0,4280
740,0,24,1,1,0,0,0,0,0,1,3,2,0,1,0,0,0,3,0,0,32,1,0,1,1,2,1,0,0,2325
741,1,10,1,0,0,0,1,0,0,0,2,4,0,1,0,0,0,4,1,0,23,1,0,1,1,1,1,0,0,1048
742,3,21,2,0,0,0,1,0,0,4,4,4,0,1,0,0,0,3,0,0,41,0,0,1,1,2,1,1,0,3160
743,0,24,1,0,0,1,0,0,0,2,2,4,0,1,0,0,0,4,1,0,22,1,0,1,1,2,1,1,0,2483
744,0,39,4,0,0,1,0,0,0,4,3,4,0,1,0,0,0,4,0,0,30,0,0,1,2,3,1,1,0,14179
745,0,13,4,0,0,0,0,0,0,0,1,3,0,1,0,0,0,1,0,0,28,1,0,1,2,1,1,0,0,1797
746,0,15,2,1,0,0,0,0,0,0,0,1,0,0,0,0,0,4,0,0,23,0,1,0,1,2,1,0,0,2511
747,0,12,2,1,0,0,0,0,0,0,1,3,0,0,0,0,0,1,1,0,37,0,0,1,1,1,1,0,0,1274
748,3,21,2,0,1,0,0,0,0,4,2,1,0,1,0,0,0,3,0,0,26,0,0,1,1,2,1,0,0,5248
749,3,15,2,0,1,0,0,0,0,0,3,2,0,1,0,0,0,2,0,0,33,0,0,1,1,2,1,0,0,3029
750,0,6,2,0,0,1,0,0,0,0,4,2,0,0,0,0,0,1,0,0,49,1,0,1,1,2,1,1,0,428
751,0,18,2,1,0,0,0,0,0,0,1,1,0,0,0,0,0,2,0,0,23,0,0,1,1,1,1,0,0,976
752,1,12,2,0,0,0,0,0,0,1,3,2,0,0,0,0,0,4,1,0,23,0,1,0,1,1,1,0,0,841
753,3,30,4,0,0,0,1,0,0,0,3,4,0,0,0,0,0,2,0,0,25,0,0,1,2,2,1,0,0,5771
754,3,12,3,0,0,0,0,0,0,3,4,4,0,1,0,0,0,4,0,1,55,0,0,0,2,2,2,0,0,1555
755,0,24,2,1,0,0,0,0,0,4,3,4,0,0,0,0,0,4,0,1,32,0,1,0,1,2,1,0,0,1285
756,2,6,4,1,0,0,0,0,0,0,2,1,0,1,0,0,0,1,1,0,74,0,0,1,3,0,2,0,1,1299
757,2,15,4,0,0,0,1,0,0,4,2,3,0,1,0,0,0,4,0,1,39,0,0,0,2,2,1,1,0,1271
758,3,24,2,1,0,0,0,0,0,0,2,2,0,1,0,0,1,2,1,0,31,0,0,1,1,2,1,1,0,1393
759,0,12,4,1,0,0,0,0,0,0,4,4,0,1,0,0,0,3,0,0,35,0,0,1,2,2,1,0,0,691
760,3,15,4,1,0,0,0,0,0,4,4,1,0,0,0,0,0,4,0,0,59,0,0,1,1,2,1,1,0,5045
761,0,18,4,0,0,1,0,0,0,0,2,4,0,0,0,0,0,4,1,0,24,0,1,0,2,2,1,0,0,2124
762,0,12,2,0,0,0,1,0,0,0,2,4,0,1,0,0,0,3,0,0,24,0,0,1,1,1,1,0,0,2214
763,3,21,4,1,0,0,0,0,0,4,4,4,0,1,0,0,0,4,0,1,30,0,0,0,1,3,1,1,0,12680
764,3,24,4,1,0,0,0,0,0,1,3,4,0,0,1,0,0,3,0,0,27,0,0,1,2,2,1,1,0,2463
765,1,12,2,0,0,0,1,0,0,0,4,3,0,0,1,0,1,3,1,0,40,1,0,1,2,1,1,0,0,1155
766,0,30,2,0,0,1,0,0,0,0,1,2,1,0,0,0,0,4,0,0,31,0,0,1,1,1,1,0,0,3108
767,3,10,2,0,1,0,0,0,0,4,1,1,0,0,0,0,0,4,1,0,31,0,1,0,1,2,1,0,0,2901
768,1,12,4,0,0,1,0,0,0,0,4,1,0,1,0,0,0,4,0,0,28,0,1,0,3,2,1,1,0,3617
769,3,12,4,0,0,0,1,0,0,0,4,2,0,1,0,0,0,4,1,0,63,0,0,1,2,1,1,1,0,1655
770,0,24,2,0,1,0,0,0,0,4,4,2,0,0,0,0,0,4,1,0,26,0,1,0,1,2,1,0,0,2812
771,0,36,4,0,0,0,0,1,0,0,2,3,0,0,0,0,0,2,0,1,25,0,0,1,2,3,1,1,0,8065
772,3,21,4,0,1,0,0,0,0,0,4,1,0,1,0,0,0,4,0,0,36,0,0,1,1,3,1,1,0,3275
773,3,24,4,0,0,0,1,0,0,1,4,4,0,1,0,0,0,4,0,0,52,1,0,1,2,2,1,0,0,2223
774,2,12,4,1,0,0,0,0,0,2,0,2,0,1,0,0,0,4,0,1,66,1,0,0,3,0,1,0,0,1480
775,0,24,2,1,0,0,0,0,0,4,2,4,0,0,0,0,0,4,1,0,25,0,1,0,1,2,1,0,0,1371
776,3,36,4,1,0,0,0,0,0,0,3,4,0,1,0,0,0,4,0,0,37,0,0,1,2,2,1,1,0,3535
777,0,18,2,0,0,0,1,0,0,0,3,4,0,0,0,0,1,1,1,0,25,0,0,1,1,2,1,0,0,3509
778,3,36,4,0,1,0,0,0,0,3,4,4,0,1,0,0,0,2,0,0,38,0,0,1,2,3,1,1,0,5711
779,1,18,2,0,0,0,0,0,0,0,0,2,0,0,0,0,0,4,0,0,67,0,0,1,1,2,1,1,0,3872
780,1,39,4,0,0,0,1,0,0,0,3,2,0,1,0,0,1,2,1,0,25,0,0,1,2,2,1,0,0,4933
781,3,24,4,1,0,0,0,0,0,3,4,4,0,1,0,0,0,4,1,0,60,0,0,1,1,2,1,1,0,1940
782,1,12,0,0,0,0,0,0,1,0,2,2,0,1,0,0,0,2,1,0,31,0,0,1,1,1,1,1,0,1410
783,1,12,2,1,0,0,0,0,0,1,1,4,0,0,0,0,0,2,0,0,23,1,0,1,1,1,1,0,0,836
784,1,20,2,0,1,0,0,0,0,4,0,1,1,0,0,0,0,4,1,0,60,0,0,1,1,3,1,1,0,6468
785,1,18,2,0,0,0,0,0,0,3,2,4,0,1,0,0,0,2,0,0,35,0,0,1,1,1,1,1,0,1941
786,3,22,2,0,0,0,1,0,0,2,4,3,0,1,0,0,0,4,0,0,40,0,0,1,1,2,1,0,0,2675
787,3,48,4,0,1,0,0,0,0,4,4,4,0,1,0,0,0,3,0,0,38,0,0,1,2,2,2,1,0,2751
788,1,48,3,0,0,0,0,1,0,0,4,4,0,1,0,0,0,4,0,1,50,0,0,0,1,2,1,0,0,6224
789,0,40,4,0,0,0,0,1,0,0,2,4,0,1,0,0,0,3,0,1,27,1,0,1,1,2,1,1,0,5998
790,1,21,2,0,0,0,0,0,0,0,4,2,0,0,0,0,0,4,0,0,39,0,0,1,1,2,2,0,0,1188
791,3,24,2,0,1,0,0,0,0,4,4,3,0,1,0,0,0,4,0,0,41,0,0,1,1,3,2,1,0,6313
792,3,6,4,0,0,1,0,0,0,4,2,1,0,0,1,0,0,2,0,0,27,0,0,1,2,2,1,0,0,1221
793,2,24,2,0,0,1,0,0,0,0,4,3,1,0,0,0,0,4,0,1,51,0,0,0,1,2,1,0,0,2892
794,3,24,2,0,0,1,0,0,0,2,4,4,0,1,0,0,0,3,0,1,32,0,1,0,1,2,1,1,0,3062
795,3,9,2,0,0,1,0,0,0,1,1,2,0,0,0,0,0,4,0,0,22,0,1,0,1,2,1,0,0,2301
796,0,18,2,0,1,0,0,0,0,4,4,1,0,1,0,0,0,4,0,0,51,0,0,0,1,2,2,1,0,7511
797,3,12,4,0,0,1,0,0,0,0,1,2,0,0,0,0,0,4,0,0,22,0,1,0,2,1,1,0,0,1258
798,3,24,3,1,0,0,0,0,0,4,4,4,0,0,1,0,0,4,0,0,54,0,0,1,2,2,1,1,0,717
799,1,9,2,1,0,0,0,0,0,4,1,4,0,1,0,0,0,2,1,0,35,0,0,1,1,0,1,0,0,1549
800,3,24,4,0,0,0,0,1,0,0,4,4,0,1,0,0,0,4,0,1,54,0,0,0,2,2,2,0,0,1597
801,1,18,4,0,0,0,1,0,0,0,4,3,0,0,0,0,1,4,1,0,48,1,1,0,2,1,1,1,0,1795
802,0,20,4,0,0,1,0,0,0,0,4,1,0,0,0,0,0,4,0,0,24,0,0,1,2,2,1,0,0,4272
803,3,12,4,0,0,0,1,0,0,4,4,4,0,1,0,0,0,4,0,0,35,0,0,1,2,2,1,0,0,976
804,1,12,2,1,0,0,0,0,0,4,0,1,0,0,0,0,0,2,1,0,24,0,1,0,1,0,1,0,0,7472
805,0,36,2,1,0,0,0,0,0,0,3,2,0,1,0,0,0,1,0,0,24,0,0,1,1,2,1,1,0,9271
806,1,6,2,0,0,0,1,0,0,0,1,3,0,0,1,0,0,3,1,0,26,0,0,1,1,1,1,0,1,590
807,3,12,4,0,0,0,1,0,0,4,4,4,0,1,0,0,0,4,1,0,65,0,0,1,4,2,1,0,0,930
808,1,42,1,0,1,0,0,0,0,0,0,1,0,1,0,0,0,2,0,1,55,1,0,0,1,3,1,1,0,9283
809,1,15,0,1,0,0,0,0,0,0,1,2,0,0,0,0,0,1,1,0,26,0,1,0,2,0,1,0,0,1778
810,1,8,2,0,0,0,0,0,0,0,1,3,0,0,1,0,0,2,1,0,26,0,0,1,1,2,1,1,0,907
811,1,6,2,0,0,0,1,0,0,0,3,3,0,0,1,0,1,3,1,0,28,1,0,1,1,1,1,0,0,484
812,0,36,4,0,1,0,0,0,0,0,3,4,0,1,0,0,0,4,0,0,24,0,0,1,2,2,1,1,0,9629
813,0,48,2,0,0,0,0,0,0,0,2,3,0,1,0,0,0,4,0,0,54,0,0,1,1,2,1,0,0,3051
814,0,48,2,1,0,0,0,0,0,0,3,4,0,1,0,0,0,4,0,1,46,0,0,0,1,2,2,0,0,3931
815,1,36,3,1,0,0,0,0,0,0,2,2,0,0,0,0,0,2,0,0,54,0,1,0,1,2,1,0,0,7432
816,3,6,2,0,0,0,0,0,0,2,2,1,1,0,0,0,0,4,1,0,62,0,0,1,1,2,1,0,0,1338
817,3,6,4,0,0,0,1,0,0,0,3,1,0,0,0,0,0,2,0,0,24,0,1,0,2,2,1,1,0,1554
818,0,36,2,0,0,0,0,0,0,0,0,2,1,0,0,1,0,3,0,0,43,0,0,1,1,3,1,0,0,15857
819,0,18,2,0,0,0,1,0,0,0,2,4,0,0,1,0,0,3,1,0,26,1,0,1,1,2,1,0,0,1345
820,3,12,2,1,0,0,0,0,0,0,2,3,0,0,1,0,0,2,1,0,27,0,0,1,2,2,1,1,0,1101
821,2,12,2,0,0,0,1,0,0,0,2,3,0,0,1,0,0,1,0,0,24,0,0,1,1,2,1,0,0,3016
822,0,36,2,0,0,1,0,0,0,0,4,2,0,1,0,0,0,2,0,0,41,1,0,1,1,2,2,0,0,2712
823,0,8,4,1,0,0,0,0,0,0,4,4,0,1,0,0,0,4,1,0,47,0,0,1,2,1,1,0,0,731
824,3,18,4,0,0,1,0,0,0,0,1,3,1,0,0,0,0,2,0,0,35,0,0,1,2,3,1,1,0,3780
825,0,21,4,1,0,0,0,0,0,0,4,4,0,0,1,0,0,3,0,0,30,0,0,1,2,2,1,1,0,1602
826,0,18,4,1,0,0,0,0,0,0,4,1,0,0,0,0,0,4,1,0,33,1,1,0,3,2,1,1,0,3966
827,3,18,0,0,0,0,0,0,0,0,2,2,0,1,0,0,0,2,0,0,36,1,0,1,2,2,2,0,0,4165
828,0,36,2,0,1,0,0,0,0,4,4,3,0,1,0,0,0,4,0,1,47,0,0,0,1,2,1,0,0,8335
829,1,48,3,0,0,0,0,0,0,4,2,4,0,1,0,0,0,4,0,1,38,0,0,0,1,2,2,1,0,6681
830,3,24,3,0,0,0,0,0,0,2,2,4,0,1,0,0,0,2,0,0,44,0,0,1,2,2,2,1,0,2375
831,0,18,2,1,0,0,0,0,0,0,1,4,0,0,0,0,0,3,0,0,23,0,1,0,1,2,1,1,0,1216
832,0,45,0,0,0,0,0,0,0,0,4,2,0,1,0,0,0,4,0,0,29,0,1,0,2,2,1,0,0,11816
833,1,24,2,0,0,0,1,0,0,4,4,2,0,0,0,0,0,4,0,0,42,0,0,1,1,2,1,1,0,5084
834,2,15,2,0,0,0,1,0,0,0,1,2,0,0,0,0,0,3,1,0,25,0,0,1,1,1,1,0,0,2327
835,0,12,0,1,0,0,0,0,0,0,2,4,0,1,0,0,0,4,0,0,48,1,0,1,2,2,1,0,0,1082
836,3,12,2,0,0,0,1,0,0,4,2,4,0,0,0,0,0,2,0,0,21,0,0,1,1,2,1,0,0,886
837,3,4,2,0,0,1,0,0,0,0,1,1,0,0,0,0,0,3,1,0,23,0,1,0,1,1,2,0,0,601
838,0,24,4,0,1,0,0,0,0,0,4,4,0,1,0,0,0,4,0,0,63,0,0,1,2,2,1,1,0,2957
839,3,24,4,0,0,0,1,0,0,0,4,4,0,0,1,1,0,3,1,0,46,0,0,1,2,2,1,0,0,2611
840,0,36,2,0,0,1,0,0,0,0,3,4,0,1,0,0,0,2,0,0,29,0,0,1,1,2,1,0,0,5179
841,3,21,3,0,1,0,0,0,0,0,2,3,0,1,0,0,0,2,1,0,28,1,0,1,2,1,1,0,0,2993
842,3,18,2,0,0,0,0,0,0,0,1,4,0,0,0,0,0,4,1,0,23,0,0,1,1,2,1,0,0,1943
843,3,24,1,0,0,0,0,0,0,0,3,4,0,1,0,0,0,4,0,0,50,1,0,1,1,2,1,1,0,1559
844,3,18,2,0,0,1,0,0,0,0,4,4,0,1,0,0,0,4,0,0,47,1,0,1,3,2,2,1,0,3422
845,1,21,2,0,0,1,0,0,0,4,3,2,0,1,0,0,0,3,0,0,35,0,0,1,1,2,1,1,0,3976
846,3,18,2,1,0,0,0,0,0,4,2,2,0,1,0,0,0,4,0,0,68,0,1,0,2,2,1,0,0,6761
847,3,24,2,1,0,0,0,0,0,0,1,4,0,0,1,0,0,2,1,0,28,0,0,1,1,2,1,0,0,1249
848,0,9,2,0,0,0,1,0,0,0,3,3,0,1,0,0,0,4,1,0,59,0,0,1,1,2,1,0,0,1364
849,0,12,2,0,0,0,1,0,0,0,4,4,0,1,0,0,0,4,1,0,57,1,0,1,1,1,1,0,0,709
850,0,20,4,1,0,0,0,0,0,0,2,4,0,0,1,0,1,2,0,0,33,1,1,0,2,2,1,0,1,2235
851,3,24,4,0,1,0,0,0,0,4,3,3,0,1,0,0,0,4,0,0,43,0,0,1,2,2,1,1,0,4042
852,3,15,4,0,0,0,1,0,0,0,2,4,0,1,0,0,0,4,0,1,35,0,0,0,2,2,1,1,0,1471
853,0,18,1,1,0,0,0,0,0,0,3,4,0,1,0,0,0,4,0,1,32,0,0,0,2,1,2,0,0,1442
854,3,36,3,1,0,0,0,0,0,0,4,2,0,1,0,0,0,2,0,0,45,0,0,1,2,2,2,1,0,10875
855,3,24,2,1,0,0,0,0,0,1,1,4,0,0,1,0,0,3,1,0,33,0,0,1,1,2,1,1,0,1474
856,3,10,2,0,0,0,0,0,1,4,3,4,0,0,0,0,0,3,0,0,40,0,0,1,1,2,1,1,0,894
857,3,15,4,0,0,1,0,0,0,0,2,4,0,1,0,0,0,2,0,1,28,0,0,0,1,2,1,1,0,3343
858,0,15,2,1,0,0,0,0,0,0,2,3,0,0,0,0,0,2,0,0,29,0,0,1,1,2,1,1,0,3959
859,3,9,2,1,0,0,0,0,0,1,2,1,0,1,0,0,1,2,1,0,26,0,1,0,1,2,2,0,1,3577
860,3,24,4,0,1,0,0,0,0,3,2,4,0,1,0,0,0,2,1,0,27,0,0,1,2,2,1,0,0,5804
861,3,18,3,0,0,0,0,0,0,0,2,4,0,0,1,0,0,2,0,0,28,0,0,1,1,2,1,1,0,2169
862,0,24,2,0,0,0,1,0,0,0,1,4,0,0,0,0,0,4,1,0,35,0,0,1,1,2,1,1,0,2439
863,3,27,4,0,0,1,0,0,0,3,1,4,0,1,0,0,0,2,1,0,32,1,0,1,2,1,2,1,0,4526
864,3,10,2,0,0,1,0,0,0,0,2,2,0,1,0,0,0,2,1,0,25,1,1,0,1,1,1,0,0,2210
865,3,15,2,0,0,1,0,0,0,2,2,2,0,0,0,0,0,4,0,0,20,0,1,0,1,2,1,0,0,2221
866,0,18,2,0,0,0,1,0,0,0,1,4,0,0,0,0,0,1,0,0,27,1,0,1,1,2,1,0,0,2389
867,3,12,4,0,0,1,0,0,0,0,4,2,0,1,0,0,0,4,0,0,42,1,0,1,1,2,1,0,0,3331
868,3,36,2,0,0,0,0,0,0,4,4,3,0,1,0,0,0,2,0,0,37,0,0,1,2,2,1,0,0,7409
869,0,12,2,0,0,1,0,0,0,0,4,4,0,0,0,0,0,4,0,0,24,0,1,0,1,2,1,0,0,652
870,3,36,3,0,0,1,0,0,0,2,3,2,0,0,0,0,0,4,0,0,40,0,0,1,2,2,1,1,0,7678
871,2,6,4,1,0,0,0,0,0,0,4,1,0,1,0,0,0,4,1,0,46,0,0,1,2,2,2,0,1,1343
872,0,24,4,0,0,0,0,0,0,1,3,4,0,1,0,0,0,1,1,0,26,0,0,1,2,2,1,1,0,1382
873,3,15,2,0,0,0,0,0,0,4,1,4,0,0,0,0,0,1,1,0,24,0,0,1,1,2,1,0,0,874
874,0,12,2,0,0,1,0,0,0,0,2,2,0,1,0,1,0,2,0,0,29,0,0,1,1,1,2,0,0,3590
875,1,11,4,1,0,0,0,0,0,3,2,4,0,0,0,0,0,4,0,0,40,0,0,1,2,2,1,0,0,1322
876,0,18,1,0,0,0,1,0,0,0,1,3,0,1,0,1,0,4,0,1,36,1,0,0,1,3,1,1,0,1940
877,3,36,2,0,0,0,1,0,0,0,4,4,0,1,0,0,0,2,0,0,28,0,0,1,1,2,1,0,0,3595
878,0,9,2,1,0,0,0,0,0,0,1,3,0,1,0,0,0,2,0,1,27,0,0,0,1,3,1,1,0,1422
879,3,30,4,0,0,0,1,0,0,4,3,2,0,1,0,0,0,3,0,0,36,0,0,1,2,2,1,0,0,6742
880,3,24,2,0,1,0,0,0,0,0,3,3,0,1,0,0,0,3,0,0,38,0,0,1,1,3,1,1,0,7814
881,3,24,2,0,1,0,0,0,0,4,2,2,1,0,0,0,0,4,0,1,48,0,0,0,1,2,1,1,0,9277
882,1,30,4,1,0,0,0,0,0,4,4,4,0,1,0,0,0,4,1,0,36,0,0,1,2,2,1,0,0,2181
883,3,18,4,0,0,0,1,0,0,0,0,4,0,0,0,0,0,4,0,0,65,0,0,1,2,0,1,0,0,1098
884,1,24,2,0,0,1,0,0,0,0,3,3,1,0,0,0,0,3,0,0,43,0,0,1,1,2,1,1,0,4057
885,0,12,2,0,0,0,0,1,0,0,1,4,0,0,0,0,0,4,0,0,53,0,0,1,1,2,1,0,0,795
886,1,24,4,0,0,0,0,0,0,4,3,4,0,1,0,0,0,3,0,1,34,0,0,1,2,2,2,1,0,2825
887,1,48,2,0,0,0,0,0,0,0,2,2,0,1,0,0,0,2,0,0,23,0,0,1,1,2,1,1,0,15672
888,3,36,4,1,0,0,0,0,0,0,4,4,0,1,0,0,0,4,0,0,34,0,0,1,2,3,1,1,0,6614
889,3,28,1,0,1,0,0,0,0,4,1,3,0,1,0,0,1,4,1,0,40,1,1,0,2,2,2,1,0,7824
890,0,27,4,0,0,0,0,0,0,0,4,4,0,1,0,0,0,4,0,0,43,1,0,1,4,3,2,1,0,2442
891,3,15,4,0,0,0,1,0,0,0,4,4,0,1,0,0,0,4,0,0,46,0,0,1,2,2,1,1,0,1829
892,0,12,4,1,0,0,0,0,0,0,2,4,0,1,0,0,0,4,0,0,38,1,0,1,2,1,1,0,1,2171
893,1,36,4,0,1,0,0,0,0,0,2,3,0,1,0,0,0,4,0,0,34,0,0,1,2,2,1,1,0,5800
894,3,18,4,0,0,0,1,0,0,4,2,4,0,1,0,0,0,3,0,0,29,0,0,1,2,2,1,1,0,1169
895,3,36,3,0,1,0,0,0,0,4,3,3,0,1,0,0,0,2,0,0,31,1,0,1,1,3,2,1,0,8947
896,0,21,2,0,0,0,1,0,0,0,1,4,0,0,0,0,0,4,0,0,28,0,1,0,1,3,1,1,0,2606
897,3,12,4,0,0,1,0,0,0,3,3,3,0,0,0,0,0,2,0,0,35,0,0,1,1,2,1,0,1,1592
898,3,15,2,0,0,1,0,0,0,4,3,1,0,0,0,0,0,4,1,0,33,1,1,0,1,1,1,0,0,2186
899,0,18,2,0,0,1,0,0,0,0,2,2,0,1,0,1,0,3,0,0,42,0,0,1,1,2,1,0,0,4153
900,0,16,4,1,0,0,0,0,0,0,4,2,0,1,0,0,1,4,0,0,43,1,1,0,1,2,1,1,0,2625
901,3,20,4,1,0,0,0,0,0,4,1,2,1,0,0,0,0,4,1,0,44,0,0,1,2,2,1,1,0,3485
902,3,36,4,0,1,0,0,0,0,4,4,2,0,1,0,0,0,4,0,1,42,0,0,0,2,2,1,0,0,10477
903,3,15,2,0,0,0,1,0,0,4,2,4,0,0,1,0,0,2,1,0,40,0,1,0,1,2,1,1,0,1386
904,3,24,2,0,0,0,1,0,0,0,4,4,0,1,0,0,0,1,1,0,36,0,0,1,1,3,1,1,0,1278
905,0,12,2,0,0,0,1,0,0,0,2,2,0,1,0,0,0,2,1,0,20,0,1,0,1,3,2,1,0,1107
906,0,21,2,1,0,0,0,0,0,4,3,2,0,1,0,1,0,2,1,0,24,0,0,1,1,1,1,0,1,3763
907,1,36,2,0,0,0,0,1,0,4,2,2,0,0,1,0,0,2,0,0,27,0,0,1,1,2,1,0,0,3711
908,3,15,3,0,1,0,0,0,0,0,1,1,0,0,0,0,0,2,0,0,46,0,0,1,2,1,1,0,0,3594
909,1,9,2,1,0,0,0,0,0,4,2,1,0,0,0,0,0,2,1,0,33,0,0,1,1,1,1,0,0,3195
910,3,36,3,0,0,0,1,0,0,0,2,4,0,0,0,0,0,4,1,0,34,0,0,1,2,2,1,0,0,4454
911,1,24,4,0,0,1,0,0,0,0,1,2,0,0,0,0,0,4,0,0,25,1,0,1,1,1,1,0,0,4736
912,1,30,2,0,0,0,1,0,0,4,4,2,0,0,0,0,0,4,0,0,25,0,0,1,1,2,1,0,0,2991
913,3,11,2,0,0,0,0,0,0,3,4,1,1,0,0,0,0,2,1,0,28,0,0,1,1,2,1,1,0,2142
914,0,24,1,0,0,0,0,0,0,0,2,4,0,1,0,0,0,2,0,0,31,0,1,0,1,2,1,1,0,3161
915,1,48,0,0,0,0,0,0,0,0,2,1,0,0,0,0,0,2,0,0,32,1,0,1,1,3,1,1,1,18424
916,3,10,2,0,1,0,0,0,0,1,2,1,0,1,0,1,0,2,1,0,32,0,0,1,1,2,2,0,0,2848
917,0,6,2,1,0,0,0,0,0,0,4,1,0,1,0,0,0,4,0,1,68,1,0,1,1,3,1,1,0,14896
918,0,24,2,0,0,1,0,0,0,1,0,1,1,0,0,0,0,1,0,0,33,0,0,1,1,2,1,0,0,2359
919,0,24,2,0,0,1,0,0,0,0,4,4,0,1,0,0,0,2,0,0,39,0,1,0,1,3,1,1,0,3345
920,3,18,4,0,0,1,0,0,0,0,2,4,0,0,0,0,0,2,0,1,28,0,0,1,2,2,1,0,0,1817
921,3,48,3,0,0,0,1,0,0,2,3,4,0,1,0,0,0,1,0,0,37,0,0,1,1,3,1,1,0,12749
922,0,9,2,0,0,0,1,0,0,0,1,3,0,0,0,0,0,4,0,0,22,0,1,0,1,2,1,0,0,1366
923,1,12,2,1,0,0,0,0,0,0,3,3,0,1,0,0,0,4,0,0,30,0,1,0,1,2,2,1,0,2002
924,0,24,1,0,0,1,0,0,0,0,1,2,1,0,0,0,0,1,0,0,55,1,0,1,1,2,1,1,0,6872
925,0,12,1,1,0,0,0,0,0,0,1,4,0,1,0,0,0,2,0,0,46,1,0,1,2,2,1,1,0,697
926,0,18,4,0,0,1,0,0,0,0,1,4,0,0,0,0,0,4,0,0,21,0,1,0,1,2,1,0,0,1049
927,0,48,2,0,1,0,0,0,0,0,3,4,0,1,0,0,0,4,0,1,39,1,0,0,3,2,2,1,0,10297
928,3,30,2,0,0,0,1,0,0,4,4,4,0,1,0,0,0,4,0,0,58,0,0,1,1,2,1,1,0,1867
929,0,12,3,1,0,0,0,0,0,0,2,4,0,1,0,0,0,2,1,0,43,0,0,1,2,1,2,0,0,1344
930,0,24,2,0,0,1,0,0,0,0,1,4,0,1,0,1,0,1,0,0,24,0,0,1,1,1,1,0,1,1747
931,1,9,2,0,0,0,1,0,0,0,1,4,0,0,0,0,0,2,0,0,22,0,0,1,1,2,1,1,0,1670
932,3,9,4,1,0,0,0,0,0,0,2,3,0,1,0,0,0,1,1,0,30,0,0,1,2,2,1,0,0,1224
933,3,12,4,0,0,0,1,0,0,2,4,4,0,1,0,0,0,4,0,0,42,0,0,1,2,2,2,1,0,522
934,0,12,2,0,0,0,1,0,0,0,2,4,0,0,0,0,0,1,0,0,23,1,0,1,1,2,1,0,0,1498
935,1,30,3,0,0,0,1,0,0,1,1,4,0,1,0,0,0,3,0,1,30,1,0,1,2,3,1,0,0,1919
936,2,9,2,0,0,0,1,0,0,0,2,3,0,0,0,0,0,2,1,0,28,0,0,1,1,1,1,0,0,745
937,1,6,2,0,0,0,1,0,0,0,1,4,0,0,1,0,0,3,0,0,30,0,1,0,1,3,1,1,0,2063
938,1,60,2,0,0,0,0,1,0,0,2,4,0,1,0,0,0,4,0,1,42,0,0,0,1,2,1,0,0,6288
939,3,24,4,0,1,0,0,0,0,4,2,2,0,1,0,0,0,4,0,0,46,0,0,1,2,3,2,1,0,6842
940,3,12,2,1,0,0,0,0,0,4,1,2,0,1,0,0,0,3,0,0,45,0,0,1,1,3,2,1,0,3527
941,3,10,2,1,0,0,0,0,0,0,2,3,0,1,0,0,0,2,1,0,31,0,0,1,1,1,2,0,1,1546
942,3,24,2,0,0,1,0,0,0,4,3,4,0,1,0,0,0,2,0,0,31,1,0,1,1,2,1,1,0,929
943,3,4,4,1,0,0,0,0,0,0,3,2,0,1,0,0,0,1,1,0,42,0,0,1,3,1,2,0,0,1455
944,0,15,2,0,0,1,0,0,0,0,1,4,0,0,0,0,1,1,0,0,46,0,1,0,1,2,1,0,0,1845
945,1,48,0,1,0,0,0,0,0,2,1,1,0,0,0,0,0,1,0,0,30,0,0,1,2,2,1,0,0,8358
946,0,24,1,0,0,1,0,0,0,2,1,4,0,1,0,0,0,4,0,1,30,0,0,0,1,2,2,1,0,3349
947,3,12,2,1,0,0,0,0,0,4,0,4,0,1,0,0,0,4,0,1,38,0,0,1,1,3,1,1,0,2859
948,3,18,2,0,0,1,0,0,0,0,1,4,0,0,1,1,0,1,0,0,43,0,0,1,1,1,2,0,0,1533
949,3,24,2,0,0,0,1,0,0,1,4,2,0,1,0,0,0,4,0,0,31,0,0,1,2,2,1,0,0,3621
950,1,18,4,0,0,0,0,0,0,0,0,3,0,0,1,0,0,3,0,0,40,0,0,1,3,0,2,1,0,3590
951,0,36,3,0,0,0,0,0,0,0,3,2,0,1,0,0,0,1,0,0,24,0,0,1,2,2,1,1,0,2145
952,1,24,2,0,1,0,0,0,0,2,1,3,0,0,0,0,0,4,0,0,28,0,1,0,1,2,1,0,0,4113
953,3,36,2,0,0,1,0,0,0,0,0,4,0,0,0,0,0,2,0,0,26,0,0,1,2,3,1,1,0,10974
954,0,12,2,1,0,0,0,0,0,0,2,4,0,0,0,0,1,4,0,0,29,0,0,1,1,2,1,1,0,1893
955,0,24,4,0,0,0,1,0,0,3,4,4,0,0,0,0,0,4,0,0,57,0,1,0,2,3,1,1,0,1231
956,2,30,4,0,0,0,1,0,0,4,4,4,0,1,0,0,0,4,0,0,49,1,0,1,2,1,1,0,0,3656
957,1,9,4,0,0,0,1,0,0,0,4,2,0,1,0,0,0,4,1,0,37,0,0,1,3,1,1,0,0,1154
958,0,28,2,1,0,0,0,0,0,0,2,3,0,1,0,0,0,2,0,0,45,0,0,1,1,1,1,0,0,4006
959,1,24,2,0,0,1,0,0,0,1,4,4,0,1,0,0,0,4,0,1,30,0,0,0,1,2,1,0,0,3069
960,3,6,4,0,0,0,1,0,0,0,4,2,0,0,1,0,0,2,1,0,30,0,1,0,2,2,1,0,0,1740
961,1,21,3,1,0,0,0,0,0,0,2,1,1,0,0,0,0,4,0,0,47,0,0,1,2,2,1,0,0,2353
962,3,15,2,1,0,0,0,0,0,4,2,3,0,1,0,0,0,2,0,1,29,0,0,1,1,2,1,0,0,3556
963,3,24,2,0,0,0,1,0,0,2,4,3,0,1,0,0,0,2,0,0,35,1,0,1,2,2,1,1,0,2397
964,1,6,2,0,0,0,0,0,0,0,1,3,0,0,1,0,0,1,0,0,22,0,0,1,1,1,1,0,0,454
965,1,30,2,0,0,0,1,0,0,4,2,4,0,0,0,0,0,1,0,0,26,0,0,1,1,2,1,0,0,1715
966,1,27,4,0,0,0,1,0,0,2,2,4,0,1,0,0,0,2,0,0,23,0,0,1,2,1,1,0,0,2520
967,3,15,2,0,0,0,1,0,0,0,4,4,0,0,0,0,0,2,0,0,54,1,1,0,1,3,1,1,0,3568
968,3,42,2,0,0,0,1,0,0,4,3,2,0,0,1,0,0,4,0,0,29,0,1,0,1,2,1,1,0,7166
969,0,11,4,1,0,0,0,0,0,0,2,1,0,1,0,0,0,2,1,0,40,0,0,1,2,1,2,0,0,3939
970,1,15,2,0,0,0,0,0,0,1,2,4,0,1,0,0,1,2,1,0,22,0,0,1,1,2,1,0,0,1514
971,3,24,2,1,0,0,0,0,0,0,2,1,0,1,0,0,0,4,0,0,43,0,0,1,1,1,2,0,0,7393
972,0,24,1,1,0,0,0,0,0,0,0,1,0,0,0,1,0,4,0,1,29,0,1,0,2,0,1,0,0,1193
973,0,60,2,0,0,0,0,0,0,0,4,4,0,1,0,1,0,4,0,1,36,0,1,0,1,2,1,0,0,7297
974,3,30,4,0,0,0,1,0,0,0,2,4,0,0,0,0,0,2,0,0,33,0,0,1,1,2,1,1,0,2831
975,2,24,2,0,0,0,1,0,0,2,2,3,0,0,0,0,0,3,0,0,57,0,0,1,1,1,1,0,0,1258
976,1,6,2,0,0,0,1,0,0,0,2,2,0,0,0,0,1,3,1,0,64,0,0,1,1,2,1,0,0,753
977,1,18,3,0,0,0,0,0,0,4,4,4,0,1,0,0,0,2,0,0,42,0,0,1,2,2,1,0,0,2427
978,3,24,3,1,0,0,0,0,0,0,4,4,0,1,0,0,0,4,0,0,47,0,0,1,2,1,2,0,0,2538
979,1,15,1,1,0,0,0,0,0,1,2,2,0,0,1,0,0,2,0,0,25,0,1,0,1,2,1,0,0,1264
980,1,30,4,0,0,1,0,0,0,0,3,2,0,1,0,0,0,2,0,0,49,0,0,1,1,2,1,0,0,8386
981,3,48,2,0,0,0,0,0,0,0,0,3,0,1,0,0,0,2,0,0,33,1,1,0,1,3,1,1,0,4844
982,2,21,2,1,0,0,0,0,0,1,2,1,0,0,0,0,0,1,0,0,28,1,0,1,1,3,1,1,0,2923
983,0,36,2,0,1,0,0,0,0,0,2,2,0,1,0,0,0,2,0,0,26,0,0,1,1,2,2,0,0,8229
984,3,24,4,0,0,1,0,0,0,0,3,2,0,1,0,0,0,2,0,0,30,0,0,1,2,1,1,0,0,2028
985,0,15,4,0,0,1,0,0,0,0,2,4,0,0,0,0,0,3,0,0,25,0,1,0,2,2,1,0,0,1433
986,2,42,0,0,0,0,0,0,0,0,1,2,1,0,0,0,0,1,0,0,33,0,0,1,2,2,1,0,0,6289
987,3,13,2,0,0,0,1,0,0,1,0,2,0,0,0,0,0,4,1,0,64,0,0,1,1,2,1,0,0,1409
988,0,24,2,0,1,0,0,0,0,0,0,4,0,1,0,0,0,2,0,1,29,0,0,0,1,3,1,1,0,6579
989,1,24,4,0,0,0,1,0,0,0,4,4,0,1,0,0,0,2,0,0,48,0,0,1,2,1,1,0,0,1743
990,3,12,4,0,0,0,0,1,0,4,1,2,0,1,0,0,0,1,0,0,37,0,0,1,2,1,2,0,0,3565
991,3,15,1,0,0,0,1,0,0,1,4,4,0,1,0,0,0,4,0,0,34,1,0,1,1,1,2,0,0,1569
992,0,18,2,0,0,0,1,0,0,4,3,2,0,0,1,0,0,4,0,0,23,0,1,0,2,1,1,0,0,1936
993,0,36,2,0,0,1,0,0,0,0,0,4,0,1,0,0,0,3,0,0,30,0,0,1,1,3,1,1,0,3959
994,3,12,2,1,0,0,0,0,0,4,4,4,0,1,0,0,0,3,0,0,50,0,0,1,1,2,1,1,0,2390
995,3,12,2,0,0,1,0,0,0,0,3,3,0,0,0,0,0,4,1,0,31,0,0,1,1,1,1,0,0,1736
996,0,30,2,0,1,0,0,0,0,0,2,4,1,0,0,0,0,4,0,0,40,0,0,1,1,3,1,1,0,3857
997,3,12,2,0,0,0,1,0,0,0,4,4,0,1,0,0,0,4,0,0,38,0,0,1,1,2,1,0,0,804
998,0,45,2,0,0,0,1,0,0,0,2,4,0,1,0,0,0,4,0,1,23,0,0,0,1,2,1,1,0,1845
999,1,45,4,0,1,0,0,0,0,1,0,3,0,1,0,0,0,4,0,0,27,0,0,1,1,2,1,0,0,4576