OBS#,CHK_ACCT,DURATION,HISTORY,NEW_CAR,USED_CAR,FURNITURE,RADIO/TV,EDUCATION,RETAINING,AMOUNT,SAV_ACCT,EMPLOYMENT,INSTALL_RATE,MALE_DIV,MALE_SINGLE,MALE_MAR_WID,CO-APPLICANT,GUARANTOR,PRESENT_RESIDENT,REAL_ESTATE,PROP_UNKN_NONE,AGE,OTHER_INSTALL,RENT,OWN_RES,NUM_CREDITS,JOB,NUM_DEPENDENTS,TELEPHONE,FOREIGN,RESPONSE
0,0,6,4,0,0,0,1,0,0,1169,4,4,4,0,1,0,0,0,4,1,0,67,0,0,1,2,2,1,1,0,1
1,1,48,2,0,0,0,1,0,0,5951,0,2,2,0,0,0,0,0,2,1,0,22,0,0,1,1,2,1,0,0,2
2,3,12,4,0,0,0,0,1,0,2096,0,3,2,0,1,0,0,0,3,1,0,49,0,0,1,1,1,2,0,0,1
3,0,42,2,0,0,1,0,0,0,7882,0,3,2,0,1,0,0,1,4,0,0,45,0,0,0,1,2,2,0,0,1
4,0,24,3,1,0,0,0,0,0,4870,0,2,3,0,1,0,0,0,4,0,1,53,0,0,0,2,2,2,0,0,2
5,3,36,2,0,0,0,0,1,0,9055,4,2,2,0,1,0,0,0,4,0,1,35,0,0,0,1,1,2,1,0,1
6,3,24,2,0,0,1,0,0,0,2835,2,4,3,0,1,0,0,0,4,0,0,53,0,0,1,1,2,1,0,0,1
7,1,36,2,0,1,0,0,0,0,6948,0,2,2,0,1,0,0,0,2,0,0,35,0,1,0,1,3,1,1,0,1
8,3,12,2,0,0,0,1,0,0,3059,3,3,2,1,0,0,0,0,4,1,0,61,0,0,1,1,1,1,0,0,1
9,1,30,4,1,0,0,0,0,0,5234,0,0,4,0,0,1,0,0,2,0,0,28,0,0,1,2,3,1,0,0,2
10,1,12,2,1,0,0,0,0,0,1295,0,1,3,0,0,0,0,0,1,0,0,25,0,1,0,1,2,1,0,0,2
11,0,48,2,0,0,0,0,0,0,4308,0,1,3,0,0,0,0,0,4,0,0,24,0,1,0,1,2,1,0,0,2
12,1,12,2,0,0,0,1,0,0,1567,0,2,1,0,0,0,0,0,1,0,0,22,0,0,1,1,2,1,1,0,1
13,0,24,4,1,0,0,0,0,0,1199,0,4,4,0,1,0,0,0,4,0,0,60,0,0,1,2,1,1,0,0,2
14,0,15,2,1,0,0,0,0,0,1403,0,2,2,0,0,0,0,0,4,0,0,28,0,1,0,1,2,1,0,0,1
15,0,24,2,0,0,0,1,0,0,1282,1,2,4,0,0,0,0,0,2,0,0,32,0,0,1,1,1,1,0,0,2
16,3,24,4,0,0,0,1,0,0,2424,4,4,4,0,1,0,0,0,4,0,0,53,0,0,1,2,2,1,0,0,1
17,0,30,0,0,0,0,0,0,0,8072,4,1,2,0,1,0,0,0,3,0,0,25,1,0,1,3,2,1,0,0,1
18,1,24,2,0,1,0,0,0,0,12579,0,4,4,0,0,0,0,0,2,0,1,44,0,0,0,1,3,1,1,0,2
19,3,24,2,0,0,0,1,0,0,3430,2,4,3,0,1,0,0,0,2,0,0,31,0,0,1,1,2,2,1,0,1
20,3,9,4,1,0,0,0,0,0,2134,0,2,4,0,1,0,0,0,4,0,0,48,0,0,1,3,2,1,1,0,1
21,0,6,2,0,0,0,1,0,0,2647,2,2,2,0,1,0,0,0,3,1,0,44,0,1,0,1,2,2,0,0,1
22,0,10,4,1,0,0,0,0,0,2241,0,1,1,0,1,0,0,0,3,1,0,48,0,1,0,2,1,2,0,1,1
23,1,12,4,0,1,0,0,0,0,1804,1,1,3,0,1,0,0,0,4,0,0,44,0,0,1,1,2,1,0,0,1
24,3,10,4,0,0,1,0,0,0,2069,4,2,2,0,0,1,0,0,1,0,0,26,0,0,1,2,2,1,0,1,1
25,0,6,2,0,0,1,0,0,0,1374,0,2,1,0,1,0,0,0,2,1,0,36,1,0,1,1,1,1,1,0,1
26,3,6,0,0,0,0,1,0,0,426,0,4,4,0,0,1,0,0,4,0,0,39,0,0,1,1,1,1,0,0,1
27,2,12,1,0,0,0,1,0,0,409,3,2,3,0,0,0,0,0,3,1,0,42,0,1,0,2,2,1,0,0,1
28,1,7,2,0,0,0,1,0,0,2415,0,2,3,0,1,0,0,1,2,1,0,34,0,0,1,1,2,1,0,0,1
29,0,60,3,0,0,0,0,0,0,6836,0,4,3,0,1,0,0,0,4,0,1,63,0,0,1,2,2,1,1,0,2
30,1,18,2,0,0,0,0,0,0,1913,3,1,3,0,0,1,0,0,3,1,0,36,1,0,1,1,2,1,1,0,1
31,0,24,2,0,0,1,0,0,0,4020,0,2,2,0,1,0,0,0,2,0,0,27,1,0,1,1,2,1,0,0,1
32,1,18,2,1,0,0,0,0,0,5866,1,2,2,0,1,0,0,0,2,0,0,30,0,0,1,2,2,1,1,0,1
33,3,12,4,0,0,0,0,0,0,1264,4,4,4,0,1,0,0,0,4,0,1,57,0,1,0,1,1,1,0,0,1
34,2,12,2,0,0,1,0,0,0,1474,0,1,4,0,0,0,0,0,1,0,0,33,1,0,1,1,3,1,1,0,1
35,1,45,4,0,0,0,1,0,0,4746,0,1,4,0,1,0,0,0,2,0,0,25,0,0,1,2,1,1,0,0,2
36,3,48,4,0,0,0,0,1,0,6110,0,2,1,0,1,0,0,0,3,0,1,31,1,0,0,1,2,1,1,0,1
37,2,18,2,0,0,0,1,0,0,2100,0,2,4,0,1,0,1,0,2,1,0,37,1,0,1,1,2,1,0,0,2
38,2,10,2,0,0,0,0,0,0,1225,0,2,2,0,1,0,0,0,2,0,0,37,0,0,1,1,2,1,1,0,1
39,1,9,2,0,0,0,1,0,0,458,0,2,4,0,1,0,0,0,3,1,0,24,0,0,1,1,2,1,0,0,1
40,3,30,2,0,0,0,1,0,0,2333,2,4,4,0,1,0,0,0,2,0,0,30,1,0,1,1,3,1,0,0,1
41,1,12,2,0,0,0,1,0,0,1158,2,2,3,1,0,0,0,0,1,0,0,26,0,0,1,1,2,1,1,0,1
42,1,18,3,0,0,0,0,0,0,6204,0,2,2,0,1,0,0,0,4,1,0,44,0,0,1,1,1,2,1,0,1
43,0,30,4,0,1,0,0,0,0,6187,1,3,1,0,0,1,0,0,4,0,0,24,0,1,0,2,2,1,0,0,1
44,0,48,4,0,1,0,0,0,0,6143,0,4,4,0,0,0,0,0,4,0,1,58,1,0,0,2,1,1,0,0,2
45,3,11,4,1,0,0,0,0,0,1393,0,1,4,0,0,0,0,0,4,0,0,35,0,0,1,2,3,1,0,0,1
46,3,36,2,0,0,0,1,0,0,2299,2,4,4,0,1,0,0,0,4,0,0,39,0,0,1,1,2,1,0,0,1
47,0,6,2,0,1,0,0,0,0,1352,2,0,1,0,0,0,0,0,2,0,0,23,0,1,0,1,0,1,1,0,1
48,3,11,4,1,0,0,0,0,0,7228,0,2,1,0,1,0,0,0,4,0,0,39,0,0,1,2,1,1,0,0,1
49,3,12,2,0,0,0,1,0,0,2073,1,2,4,0,0,0,1,0,2,1,0,28,0,0,1,1,2,1,0,0,1
50,1,24,3,0,0,1,0,0,0,2333,4,1,4,0,1,0,0,0,2,0,0,29,1,0,1,1,1,1,0,0,1
51,1,27,3,0,1,0,0,0,0,5965,0,4,1,0,1,0,0,0,2,0,0,30,0,0,1,2,3,1,1,0,1
52,3,12,2,0,0,0,1,0,0,1262,0,2,3,0,1,0,0,0,2,0,0,25,0,0,1,1,2,1,0,0,1
53,3,18,2,0,1,0,0,0,0,3378,4,2,2,0,1,0,0,0,1,0,0,31,0,0,1,1,2,1,1,0,1
54,1,36,3,1,0,0,0,0,0,2225,0,4,4,0,1,0,0,0,4,0,1,57,1,0,0,2,2,1,1,0,2
55,3,6,1,1,0,0,0,0,0,783,4,2,1,0,1,0,0,1,2,1,0,26,1,0,1,1,1,2,0,0,1
56,1,12,2,0,0,0,1,0,0,6468,4,0,2,0,1,0,0,0,1,0,1,52,0,0,1,1,3,1,1,0,2
57,3,36,4,0,0,0,1,0,0,9566,0,2,2,0,0,0,0,0,2,0,0,31,1,0,1,2,2,1,0,0,1
58,2,18,2,1,0,0,0,0,0,1961,0,4,3,0,0,0,0,0,2,0,0,23,0,0,1,1,3,1,0,0,1
59,0,36,4,0,0,1,0,0,0,6229,0,1,4,0,0,0,1,0,4,0,1,23,0,1,0,2,1,1,1,0,2
60,1,9,2,0,0,0,0,0,0,1391,0,2,2,0,0,1,0,0,1,1,0,27,1,0,1,1,2,1,1,0,1
61,1,15,4,0,0,0,1,0,0,1537,4,4,4,0,1,0,0,1,4,1,0,50,0,0,1,2,2,1,1,0,1
62,1,36,0,0,0,0,0,0,0,1953,0,4,4,0,1,0,0,0,4,0,1,61,0,0,0,1,3,1,1,0,2
63,1,48,0,0,0,0,0,0,0,14421,0,2,2,0,1,0,0,0,2,0,0,25,0,0,1,1,2,1,1,0,2
64,3,24,2,0,0,0,1,0,0,3181,0,1,4,0,0,0,0,0,4,0,0,26,0,0,1,1,2,1,1,0,1
65,3,27,2,0,0,0,0,0,0,5190,4,4,4,0,1,0,0,0,4,0,0,48,0,0,1,4,2,2,1,0,1
66,3,12,2,0,0,0,1,0,0,2171,0,1,2,0,0,0,0,0,2,0,0,29,1,0,1,1,2,1,0,0,1
67,1,12,2,1,0,0,0,0,0,1007,3,2,4,0,0,1,0,0,1,1,0,22,0,0,1,1,2,1,0,0,1
68,3,36,2,0,0,0,0,1,0,1819,0,2,4,0,1,0,0,0,4,0,1,37,1,0,0,1,2,1,1,0,2
69,3,36,2,0,0,0,1,0,0,2394,4,2,4,0,0,0,0,0,4,0,0,25,0,0,1,1,2,1,0,0,1
70,3,36,2,0,1,0,0,0,0,8133,0,2,1,0,0,0,0,0,2,0,0,30,1,0,1,1,2,1,0,0,1
71,3,7,4,0,0,0,1,0,0,730,4,4,4,0,1,0,0,0,2,0,0,46,0,1,0,2,1,1,1,0,1
72,0,8,4,0,0,0,0,0,0,1164,0,4,3,0,1,0,0,0,4,0,1,51,1,0,0,2,3,2,1,0,1
73,1,42,4,0,0,0,0,0,0,5954,0,3,2,0,0,0,0,0,1,1,0,41,1,0,1,2,1,1,0,0,1
74,0,36,2,0,0,0,0,1,0,1977,4,4,4,0,1,0,0,0,4,0,1,40,0,0,1,1,3,1,1,0,2
75,0,12,4,0,1,0,0,0,0,1526,0,4,4,0,1,0,0,0,4,0,1,66,0,0,0,2,3,1,0,0,1
76,0,42,2,0,0,0,1,0,0,3965,0,1,4,0,1,0,0,0,3,0,0,34,0,0,1,1,2,1,0,0,2
77,1,11,3,0,0,0,1,0,0,4771,0,3,2,0,1,0,0,0,4,0,0,51,0,0,1,1,2,1,0,0,1
78,3,54,0,0,1,0,0,0,0,9436,4,2,2,0,1,0,0,0,2,0,0,39,0,0,1,1,1,2,0,0,1
79,1,30,2,0,0,1,0,0,0,3832,0,1,2,0,0,1,0,0,1,0,0,22,0,0,1,1,2,1,0,0,1
80,3,24,2,0,0,0,1,0,0,5943,4,1,1,0,0,0,0,0,1,0,0,44,0,0,1,2,2,1,1,0,2
81,3,15,2,0,0,0,1,0,0,1213,2,4,4,0,1,0,0,0,3,0,0,47,1,0,1,1,2,1,1,0,1
82,3,18,2,0,0,0,0,0,0,1568,1,2,3,0,0,0,0,0,4,0,0,24,0,1,0,1,1,1,0,0,1
83,0,24,2,0,0,0,0,0,0,1755,0,4,4,0,0,0,0,1,4,1,0,58,0,0,1,1,1,1,1,0,1
84,0,10,2,0,0,0,1,0,0,2315,0,4,3,0,1,0,0,0,4,1,0,52,0,0,1,1,1,1,0,0,1
85,3,12,4,0,0,0,0,0,0,1412,0,2,4,0,0,0,0,1,2,1,0,29,0,0,1,2,3,1,1,0,1
86,1,18,4,0,0,1,0,0,0,1295,0,1,4,0,0,0,0,0,1,0,0,27,0,0,1,2,2,1,0,0,1
87,1,36,2,0,0,0,0,1,0,12612,1,2,1,0,1,0,0,0,4,0,1,47,0,0,0,1,2,2,1,0,2
88,0,18,2,1,0,0,0,0,0,2249,1,3,4,0,1,0,0,0,3,0,0,30,0,0,1,1,3,2,1,0,1
89,0,12,0,0,0,0,0,0,0,1108,0,3,4,0,1,0,0,0,3,1,0,28,0,0,1,2,2,1,0,0,2
90,3,12,4,0,0,0,1,0,0,618,0,4,4,0,1,0,0,0,4,1,0,56,0,0,1,1,2,1,0,0,1
91,0,12,4,0,1,0,0,0,0,1409,0,4,4,0,1,0,0,0,3,1,0,54,0,0,1,1,2,1,0,0,1
92,3,12,4,0,0,0,1,0,0,797,4,4,4,0,0,0,0,0,3,0,0,33,1,0,1,1,1,2,0,0,2
93,2,24,4,0,0,1,0,0,0,3617,4,4,4,0,1,0,1,0,4,0,1,20,0,1,0,2,2,1,0,0,1
94,1,12,2,1,0,0,0,0,0,1318,3,4,4,0,1,0,0,0,4,1,0,54,0,0,1,1,2,1,1,0,1
95,1,54,0,0,0,0,0,0,0,15945,0,1,3,0,1,0,0,0,4,0,1,58,0,1,0,1,2,1,1,0,2
96,3,12,4,0,0,0,0,1,0,2012,4,3,4,0,0,0,0,0,2,0,0,61,0,0,1,1,2,1,0,0,1
97,1,18,2,0,0,0,0,0,0,2622,1,2,4,0,1,0,0,0,4,0,0,34,0,0,1,1,2,1,0,0,1
98,1,36,4,0,0,0,1,0,0,2337,0,4,4,0,1,0,0,0,4,1,0,36,0,0,1,1,2,1,0,0,1
99,1,20,3,0,1,0,0,0,0,7057,4,3,3,0,1,0,0,0,4,0,0,36,1,1,0,2,3,2,1,0,1
100,3,24,2,1,0,0,0,0,0,1469,1,4,4,0,0,1,0,0,4,1,0,41,0,1,0,1,1,1,0,0,1
101,1,36,2,0,0,0,1,0,0,2323,0,3,4,0,1,0,0,0,4,0,0,24,0,1,0,1,2,1,0,0,1
102,3,6,3,0,0,0,1,0,0,932,0,2,3,0,0,0,0,0,2,1,0,24,0,0,1,1,2,1,0,0,1
103,1,9,4,0,0,1,0,0,0,1919,0,3,4,0,1,0,0,0,3,0,0,35,0,1,0,1,2,1,1,0,1
104,3,12,2,0,1,0,0,0,0,2445,4,1,2,0,0,1,0,0,4,0,0,26,0,1,0,1,2,1,1,0,1
105,1,24,4,0,0,0,0,0,0,11938,0,2,2,0,1,0,1,0,3,0,0,39,0,0,1,2,3,2,1,0,2
106,3,18,1,1,0,0,0,0,0,6458,0,4,2,0,1,0,0,0,4,0,1,39,1,0,1,2,3,2,1,0,2
107,1,12,2,1,0,0,0,0,0,6078,0,3,2,0,1,0,0,0,2,0,0,32,0,0,1,1,2,1,0,0,1
108,0,24,2,0,0,1,0,0,0,7721,4,1,1,0,0,0,0,0,2,0,0,30,0,0,1,1,2,1,1,1,1
109,1,14,2,0,0,0,0,0,0,1410,2,4,1,0,0,1,0,0,2,1,0,35,0,0,1,1,2,1,1,0,1
110,1,6,3,0,0,0,0,0,0,1449,1,4,1,1,0,0,0,0,2,0,0,31,1,0,1,2,2,2,0,0,1
111,2,15,2,0,0,0,0,1,0,392,0,1,4,0,0,0,0,0,4,0,0,23,0,1,0,1,2,1,1,0,1
112,1,18,2,1,0,0,0,0,0,6260,0,3,3,0,1,0,0,0,3,1,0,28,0,1,0,1,1,1,0,0,1
113,3,36,4,1,0,0,0,0,0,7855,0,2,4,0,0,0,0,0,2,1,0,25,1,0,1,2,2,1,1,0,2
114,0,12,2,0,0,0,1,0,0,1680,2,4,3,0,0,1,0,0,1,1,0,35,0,0,1,1,2,1,0,0,1
115,3,48,4,0,0,0,1,0,0,3578,4,4,4,0,1,0,0,0,1,1,0,47,0,0,1,1,2,1,1,0,1
116,0,42,2,0,0,0,1,0,0,7174,4,3,4,0,0,0,0,0,3,0,0,30,0,0,1,1,3,1,1,0,2
117,0,10,4,0,0,1,0,0,0,2132,4,1,2,0,0,0,1,0,3,1,0,27,0,1,0,2,2,1,0,1,1
118,0,33,4,0,0,1,0,0,0,4281,2,2,1,0,0,0,0,0,4,0,0,23,0,0,1,2,2,1,0,0,2
119,1,12,4,1,0,0,0,0,0,2366,2,3,3,1,0,0,0,0,3,0,0,36,0,0,1,1,3,1,1,0,1
120,0,21,2,0,0,0,1,0,0,1835,0,2,3,0,0,0,0,0,2,1,0,25,0,0,1,2,2,1,1,0,2
121,3,24,4,0,1,0,0,0,0,3868,0,4,4,0,0,0,0,0,2,0,0,41,0,1,0,2,3,1,1,0,1
122,3,12,2,0,0,1,0,0,0,1768,0,2,3,0,1,0,0,0,2,1,0,24,0,1,0,1,1,1,0,0,1
123,2,10,4,1,0,0,0,0,0,781,0,4,4,0,1,0,0,0,4,0,1,63,0,0,0,2,2,1,1,0,1
124,1,18,2,0,0,1,0,0,0,1924,4,1,4,0,0,0,0,0,3,1,0,27,0,1,0,1,2,1,0,0,2
125,0,12,4,1,0,0,0,0,0,2121,0,2,4,0,1,0,0,0,2,0,0,30,0,0,1,2,2,1,0,0,1
126,0,12,2,0,0,0,1,0,0,701,0,2,4,0,0,1,0,0,2,1,0,40,0,0,1,1,1,1,0,0,1
127,1,12,2,0,0,0,0,0,0,639,0,2,4,0,1,0,0,0,2,0,0,30,0,0,1,1,2,1,0,0,2
128,1,12,4,0,1,0,0,0,0,1860,0,0,4,0,1,0,0,0,2,0,0,34,0,0,1,2,3,1,1,0,1
129,0,12,4,1,0,0,0,0,0,3499,0,2,3,0,0,0,1,0,2,1,0,29,0,0,1,2,2,1,0,0,2
130,1,48,2,1,0,0,0,0,0,8487,4,3,1,0,0,0,0,0,2,0,0,24,0,0,1,1,2,1,0,0,1
131,0,36,3,0,0,0,0,1,0,6887,0,2,4,0,1,0,0,0,3,0,0,29,1,0,1,1,2,1,1,0,2
132,3,15,2,0,0,1,0,0,0,2708,0,1,2,0,1,0,0,0,3,0,0,27,1,0,1,2,1,1,0,0,1
133,3,18,2,0,0,1,0,0,0,1984,0,2,4,0,1,0,0,0,4,0,1,47,1,0,0,2,2,1,0,0,1
134,3,60,2,0,0,0,1,0,0,10144,1,3,2,0,0,0,0,0,4,1,0,21,0,0,1,1,2,1,1,0,1
135,3,12,4,0,0,0,1,0,0,1240,4,4,4,0,0,0,0,0,2,1,0,38,0,0,1,2,2,1,1,0,1
136,3,27,3,0,1,0,0,0,0,8613,3,2,2,0,1,0,0,0,2,0,0,27,0,0,1,2,2,1,0,0,1
137,1,12,2,0,0,0,1,0,0,766,2,2,4,0,1,0,0,0,3,1,0,66,0,0,1,1,1,1,0,0,2
138,1,15,4,0,0,0,1,0,0,2728,4,3,4,0,1,0,0,1,2,1,0,35,1,0,1,3,2,1,1,0,1
139,2,12,2,0,0,0,1,0,0,1881,0,2,2,0,0,0,0,0,2,0,0,44,0,1,0,1,1,1,1,0,1
140,2,6,2,1,0,0,0,0,0,709,3,1,2,0,0,1,0,0,2,1,0,27,0,0,1,1,0,1,0,1,1
141,1,36,2,0,0,0,1,0,0,4795,0,1,4,0,0,0,0,0,1,0,1,30,0,0,1,1,3,1,1,0,1
142,0,27,2,0,0,0,1,0,0,3416,0,2,3,0,1,0,0,0,2,0,0,27,0,0,1,1,3,1,0,0,1
143,0,18,2,0,0,1,0,0,0,2462,0,2,2,0,1,0,0,0,2,0,0,22,0,0,1,1,2,1,0,0,2
144,3,21,4,0,0,1,0,0,0,2288,0,1,4,0,0,0,0,0,4,0,0,23,0,0,1,1,2,1,1,0,1
145,1,48,1,0,0,0,0,0,0,3566,1,3,4,0,1,0,0,0,2,0,0,30,0,0,1,1,2,1,0,0,1
146,0,6,4,1,0,0,0,0,0,860,0,4,1,0,0,0,0,0,4,0,1,39,0,0,1,2,2,1,1,0,1
147,3,12,4,1,0,0,0,0,0,682,1,3,4,0,0,0,0,0,3,0,0,51,0,0,1,2,2,1,1,0,1
148,0,36,4,0,0,1,0,0,0,5371,0,2,3,0,1,0,0,1,2,0,0,28,0,0,1,2,2,1,0,0,1
149,3,18,4,0,0,0,1,0,0,1582,3,4,4,0,1,0,0,0,4,0,0,46,0,0,1,2,2,1,0,0,1
150,3,6,2,0,0,0,1,0,0,1346,1,4,2,0,1,0,0,0,4,0,1,42,1,0,0,1,2,2,1,0,1
151,3,10,2,0,0,0,1,0,0,1924,0,2,1,0,1,0,0,0,4,0,0,38,0,0,1,1,2,1,1,1,1
152,2,36,2,0,0,0,1,0,0,5848,0,2,4,0,1,0,0,0,1,0,0,24,0,0,1,1,2,1,0,0,1
153,1,24,4,0,1,0,0,0,0,7758,3,4,2,0,0,0,0,0,4,0,1,29,0,1,0,1,2,1,0,0,1
154,1,24,3,0,0,0,0,0,0,6967,1,3,4,0,1,0,0,0,4,0,0,36,0,1,0,1,3,1,1,0,1
155,0,12,2,0,0,1,0,0,0,1282,0,2,2,0,0,0,0,0,4,0,0,20,0,1,0,1,2,1,0,0,2
156,0,9,4,0,0,0,0,0,0,1288,1,4,3,0,1,0,0,1,4,1,0,48,0,0,1,2,2,2,0,1,1
157,0,12,1,0,0,0,0,0,1,339,0,4,4,0,0,1,0,0,1,0,0,45,1,0,1,1,1,1,0,0,1
158,1,24,2,1,0,0,0,0,0,3512,1,3,2,0,1,0,0,0,3,0,0,38,1,0,1,2,2,1,1,0,1
159,3,6,4,0,0,0,1,0,0,1898,4,2,1,0,1,0,0,0,2,1,0,34,0,0,1,2,1,2,0,0,1
160,3,24,4,0,0,0,1,0,0,2872,1,4,3,0,1,0,0,0,4,1,0,36,0,0,1,1,2,2,1,0,1
161,3,18,4,1,0,0,0,0,0,1055,0,1,4,0,0,0,0,0,1,0,0,30,0,0,1,2,2,1,0,0,1
162,3,15,2,0,0,0,0,0,0,1262,2,3,4,0,1,0,0,0,3,0,0,36,0,0,1,2,2,1,1,0,1
163,1,10,2,1,0,0,0,0,0,7308,0,0,2,0,1,0,0,0,4,0,1,70,1,0,0,1,3,1,1,0,1
164,3,36,2,1,0,0,0,0,0,909,2,4,4,0,1,0,0,0,4,0,0,36,0,0,1,1,2,1,0,0,1
165,3,6,2,0,0,1,0,0,0,2978,2,2,1,0,1,0,0,0,2,0,0,32,0,0,1,1,2,1,1,0,1
166,0,18,2,0,0,1,0,0,0,1131,0,0,4,0,0,0,0,0,2,0,0,33,0,0,1,1,2,1,0,0,2
167,1,11,2,0,0,1,0,0,0,1577,3,1,4,0,0,0,0,0,1,1,0,20,0,0,1,1,2,1,0,0,1
168,3,24,2,0,0,1,0,0,0,3972,0,3,2,0,0,0,0,0,4,0,0,25,0,1,0,1,2,1,1,0,1
169,1,24,4,0,0,0,0,0,0,1935,0,4,4,1,0,0,0,0,4,1,0,31,0,0,1,2,2,1,1,0,2
170,0,15,0,1,0,0,0,0,0,950,0,4,4,0,1,0,0,0,3,0,0,33,0,1,0,2,2,2,0,0,2
171,3,12,2,0,0,1,0,0,0,763,0,2,4,0,0,0,0,0,1,1,0,26,0,0,1,1,2,1,1,0,1
172,1,24,3,0,0,1,0,0,0,2064,0,0,3,0,0,0,0,0,2,0,0,34,0,0,1,1,3,1,1,0,2
173,1,8,2,0,0,0,1,0,0,1414,0,2,4,0,1,0,0,1,2,1,0,33,0,0,1,1,2,1,0,1,1
174,0,21,3,0,0,0,0,1,0,3414,0,1,2,0,1,0,0,0,1,0,0,26,0,0,1,2,2,1,0,0,2
175,3,30,1,0,1,0,0,0,0,7485,4,0,4,0,0,0,0,0,1,1,0,53,1,0,1,1,3,1,1,0,2
176,0,12,2,0,0,1,0,0,0,2577,0,2,2,1,0,0,0,0,1,0,0,42,0,0,1,1,2,1,0,0,1
177,0,6,4,0,0,0,1,0,0,338,2,4,4,0,1,0,0,0,4,0,0,52,0,0,1,2,2,1,0,0,1
178,3,12,2,0,0,0,1,0,0,1963,0,3,4,0,1,0,0,0,2,0,0,31,0,1,0,2,3,2,1,0,1
179,0,21,4,1,0,0,0,0,0,571,0,4,4,0,1,0,0,0,4,1,0,65,0,0,1,2,2,1,0,0,1
180,3,36,3,0,0,0,0,0,0,9572,0,1,1,1,0,0,0,0,1,0,0,28,0,0,1,2,2,1,0,0,2
181,1,36,3,0,0,0,0,0,0,4455,0,2,2,1,0,0,0,0,2,1,0,30,1,0,1,2,3,1,1,0,2
182,0,21,1,1,0,0,0,0,0,1647,4,2,4,0,1,0,0,0,2,0,0,40,0,0,1,2,1,2,0,0,2
183,3,24,4,0,0,1,0,0,0,3777,3,2,4,0,1,0,0,0,4,1,0,50,0,0,1,1,2,1,1,0,1
184,1,18,4,1,0,0,0,0,0,884,0,4,4,0,1,0,0,0,4,0,0,36,1,0,1,1,2,2,1,0,2
185,3,15,4,0,0,0,1,0,0,1360,0,2,4,0,1,0,0,0,2,0,0,31,0,0,1,2,2,1,0,0,1
186,1,9,1,0,1,0,0,0,0,5129,0,4,2,0,0,0,0,0,4,0,1,74,1,0,0,1,3,2,1,0,2
187,1,16,4,1,0,0,0,0,0,1175,0,0,2,0,1,0,0,0,3,0,0,68,0,0,0,3,0,1,1,0,1
188,0,12,2,0,0,0,1,0,0,674,1,3,4,0,0,1,0,0,1,0,0,20,0,0,1,1,2,1,0,0,2
189,1,18,0,0,0,1,0,0,0,3244,0,2,1,0,0,0,0,0,4,0,0,33,1,0,1,2,2,1,1,0,1
190,3,24,2,0,0,0,0,0,0,4591,3,2,2,0,1,0,0,0,3,0,0,54,0,0,1,3,3,1,1,0,2
191,1,48,0,0,0,0,0,0,0,3844,1,3,4,0,1,0,0,0,4,0,1,34,0,0,0,1,1,2,0,0,2
192,1,27,2,0,0,0,0,0,0,3915,0,2,4,0,1,0,0,0,2,0,0,36,0,0,1,1,2,2,1,0,2
193,3,6,2,0,0,0,1,0,0,2108,0,3,2,0,0,1,0,0,2,1,0,29,0,1,0,1,2,1,0,0,1
194,1,45,2,0,0,0,1,0,0,3031,1,2,4,0,1,0,0,1,4,0,0,21,0,1,0,1,2,1,0,0,2
195,1,9,4,0,0,0,0,1,0,1501,0,4,2,0,0,0,0,0,3,0,0,34,0,0,1,2,3,1,1,0,2
196,3,6,4,0,0,0,1,0,0,1382,0,2,1,0,0,0,0,0,1,0,0,28,0,0,1,2,2,1,1,0,1
197,1,12,2,0,0,1,0,0,0,951,1,1,4,0,0,0,0,0,4,0,0,27,1,1,0,4,2,1,0,0,2
198,1,24,2,0,1,0,0,0,0,2760,4,4,4,0,1,0,0,0,4,0,1,36,1,0,0,1,2,1,1,0,1
199,1,18,3,0,0,1,0,0,0,4297,0,4,4,1,0,0,0,0,3,0,1,40,0,0,1,1,3,1,1,0,2
200,3,9,4,0,0,0,0,1,0,936,2,4,4,0,1,0,0,0,2,0,0,52,0,0,1,2,2,1,1,0,1
201,0,12,2,1,0,0,0,0,0,1168,0,2,4,0,0,1,0,0,3,1,0,27,0,0,1,1,1,1,0,0,1
202,3,27,3,0,0,0,0,0,0,5117,0,3,3,0,1,0,0,0,4,0,0,26,0,0,1,2,2,1,0,0,1
203,0,12,2,0,0,0,0,0,1,902,0,3,4,0,0,1,0,0,4,0,0,21,0,1,0,1,2,1,0,0,2
204,3,12,4,1,0,0,0,0,0,1495,0,4,4,0,1,0,0,0,1,1,0,38,0,0,1,2,1,2,0,0,1
205,0,30,4,0,1,0,0,0,0,10623,0,4,3,0,1,0,0,0,4,0,1,38,0,0,0,3,3,2,1,0,1
206,3,12,4,0,0,1,0,0,0,1935,0,4,4,0,1,0,0,0,4,1,0,43,0,0,1,3,2,1,1,0,1
207,1,12,4,0,0,0,0,0,0,1424,0,3,4,0,1,0,0,0,3,0,0,26,0,0,1,1,2,1,0,0,1
208,0,24,2,0,0,0,0,0,0,6568,0,2,2,0,0,1,0,0,2,0,0,21,1,0,1,1,1,1,0,0,1
209,3,12,2,0,1,0,0,0,0,1413,3,3,3,0,1,0,0,0,2,0,0,55,0,0,1,1,2,1,0,1,1
210,3,9,4,0,0,0,1,0,0,3074,4,2,1,0,1,0,0,0,2,1,0,33,0,0,1,2,2,2,0,0,1
211,3,36,2,0,0,0,1,0,0,3835,4,4,2,0,0,0,0,0,4,1,0,45,0,0,1,1,1,1,1,0,1
212,0,27,0,0,0,0,0,0,0,5293,0,0,2,0,1,0,0,0,4,0,0,50,1,0,1,2,2,1,1,0,2
213,2,30,3,0,0,0,0,0,0,1908,0,4,4,0,1,0,0,0,4,1,0,66,0,0,1,1,3,1,1,0,2
214,3,36,4,0,0,0,1,0,0,3342,4,4,4,0,1,0,0,0,2,0,0,51,0,0,1,1,2,1,1,0,1
215,1,6,4,0,0,0,0,0,1,932,4,3,1,0,0,0,0,0,3,0,0,39,0,0,1,2,1,1,0,0,1
216,0,18,0,0,0,0,0,0,0,3104,0,3,3,0,1,0,0,0,1,0,0,31,1,0,1,1,2,1,1,0,1
217,2,36,2,0,0,0,1,0,0,3913,0,2,2,0,1,0,0,0,2,1,0,23,0,0,1,1,2,1,1,0,1
218,0,24,2,0,0,1,0,0,0,3021,0,2,2,1,0,0,0,0,2,1,0,24,0,1,0,1,1,1,0,0,1
219,3,10,2,1,0,0,0,0,0,1364,0,2,2,0,0,0,0,0,4,0,0,64,0,0,1,1,2,1,1,0,1
220,1,12,2,0,0,0,1,0,0,625,0,1,4,0,0,1,0,1,1,1,0,26,1,0,1,1,1,1,0,0,1
221,0,12,2,0,0,0,0,1,0,1200,4,2,4,0,0,0,0,0,4,0,0,23,1,1,0,1,2,1,1,0,1
222,3,12,2,0,0,0,1,0,0,707,0,2,4,0,1,0,0,0,2,1,0,30,1,0,1,2,2,1,0,0,1
223,3,24,3,0,0,0,0,0,0,2978,4,2,4,0,1,0,0,0,4,1,0,32,0,0,1,2,2,2,1,0,1
224,3,15,2,0,1,0,0,0,0,4657,0,2,3,0,1,0,0,0,2,0,0,30,0,0,1,1,2,1,1,0,1
225,3,36,0,0,0,0,0,0,0,2613,0,2,4,0,1,0,0,0,2,0,0,27,0,0,1,2,2,1,0,0,1
226,1,48,2,0,0,0,1,0,0,10961,3,3,1,0,1,0,1,0,2,0,1,27,1,0,1,2,2,1,1,0,2
227,0,12,2,0,0,1,0,0,0,7865,0,4,4,0,1,0,0,0,4,0,1,53,0,0,0,1,3,1,1,0,2
228,3,9,2,0,0,0,1,0,0,1478,0,3,4,0,1,0,0,0,2,0,0,22,0,0,1,1,2,1,0,0,2
229,0,24,2,0,0,1,0,0,0,3149,0,1,4,0,1,0,0,0,1,0,1,22,1,0,0,1,2,1,0,0,1
230,2,36,2,0,0,0,1,0,0,4210,0,2,4,0,1,0,0,0,2,0,0,26,0,0,1,1,2,1,0,0,2
231,3,9,2,1,0,0,0,0,0,2507,2,4,2,0,1,0,0,0,4,0,1,51,0,0,0,1,1,1,0,0,1
232,3,12,2,0,0,0,1,0,0,2141,1,3,3,0,1,0,0,0,1,0,1,35,0,0,1,1,2,1,0,0,1
233,1,18,2,0,0,0,1,0,0,866,0,2,4,0,0,1,0,1,2,1,0,25,0,0,1,1,1,1,0,0,1
234,3,4,4,0,0,0,1,0,0,1544,0,3,2,0,1,0,0,0,1,1,0,42,0,0,1,3,1,2,0,0,1
235,0,24,2,0,0,0,1,0,0,1823,0,0,4,0,1,0,0,0,2,0,0,30,1,0,1,1,3,2,0,0,2
236,1,6,2,1,0,0,0,0,0,14555,4,0,1,0,1,0,0,0,2,0,0,23,0,0,1,1,0,1,1,0,2
237,1,21,2,0,0,0,0,0,0,2767,1,4,4,1,0,0,0,0,2,0,0,61,1,1,0,2,1,1,0,0,2
238,3,12,4,0,0,0,1,0,0,1291,0,2,4,0,0,0,0,0,2,0,0,35,0,0,1,2,2,1,0,0,1
239,0,30,2,0,0,0,1,0,0,2522,0,4,1,0,1,0,0,1,3,0,0,39,0,0,1,1,2,2,0,0,1
240,0,24,2,1,0,0,0,0,0,915,4,4,4,0,0,0,0,0,2,0,0,29,1,0,1,1,2,1,0,0,2
241,3,6,2,0,0,0,1,0,0,1595,0,3,3,0,1,0,0,0,2,0,0,51,0,0,1,1,2,2,0,0,1
242,0,48,0,0,1,0,0,0,0,4605,0,4,3,0,1,0,0,0,4,0,1,24,0,0,0,2,2,2,0,0,2
243,3,12,4,0,0,0,0,0,0,1185,0,2,3,0,0,0,0,0,2,1,0,27,0,0,1,2,2,1,0,0,1
244,3,12,1,0,0,0,0,0,1,3447,2,2,4,0,0,0,0,0,3,1,0,35,0,0,1,1,1,2,0,0,1
245,3,24,2,0,0,0,0,0,0,1258,0,3,4,0,1,0,0,0,1,1,0,25,0,0,1,1,2,1,1,0,1
246,3,12,4,0,0,0,1,0,0,717,0,4,4,0,1,0,0,0,4,1,0,52,0,0,1,3,2,1,0,0,1
247,3,6,0,1,0,0,0,0,0,1204,1,2,4,0,1,0,0,0,1,0,1,35,1,1,0,1,2,1,0,1,1
248,2,24,2,0,0,1,0,0,0,1925,0,2,2,0,1,0,0,0,2,1,0,26,0,0,1,1,2,1,0,0,1
249,3,18,2,0,0,0,1,0,0,433,0,0,3,0,0,0,1,0,4,1,0,22,0,1,0,1,2,1,0,0,2
250,0,6,4,1,0,0,0,0,0,666,3,3,3,0,0,0,0,0,4,1,0,39,0,0,1,2,1,1,1,0,1
251,2,12,2,0,0,1,0,0,0,2251,0,2,1,0,0,0,0,0,2,0,0,46,0,0,1,1,1,1,0,0,1
252,1,30,2,1,0,0,0,0,0,2150,0,2,4,0,0,0,0,1,2,0,1,24,1,0,1,1,2,1,0,0,2
253,3,24,3,0,0,1,0,0,0,4151,1,2,2,0,1,0,0,0,3,0,0,35,0,0,1,2,2,1,0,0,1
254,1,9,2,0,0,1,0,0,0,2030,4,3,2,0,1,0,0,0,1,0,0,24,0,0,1,1,2,1,1,0,1
255,1,60,3,0,0,0,1,0,0,7418,4,2,1,0,1,0,0,0,1,1,0,27,0,0,1,1,1,1,0,0,1
256,3,24,4,0,0,0,1,0,0,2684,0,2,4,0,1,0,0,0,2,1,0,35,0,0,1,2,1,1,0,0,1
257,0,12,1,0,0,0,1,0,0,2149,0,2,4,1,0,0,0,0,1,0,1,29,0,0,0,1,2,1,0,0,2
258,3,15,2,0,1,0,0,0,0,3812,1,1,1,0,0,0,0,0,4,0,0,23,0,0,1,1,2,1,1,0,1
259,3,11,4,0,0,0,1,0,0,1154,1,0,4,0,0,0,0,0,4,1,0,57,0,0,1,3,1,1,0,0,1
260,0,12,2,0,0,1,0,0,0,1657,0,2,2,0,1,0,0,0,2,1,0,27,0,0,1,1,2,1,0,0,1
261,0,24,2,0,0,0,1,0,0,1603,0,4,4,0,0,0,0,0,4,0,0,55,0,0,1,1,2,1,0,0,1
262,0,18,4,1,0,0,0,0,0,5302,0,4,2,0,1,0,0,0,4,0,1,36,0,0,0,3,3,1,1,0,1
263,3,12,4,0,0,0,0,1,0,2748,0,4,2,0,0,0,0,0,4,0,1,57,1,0,0,3,1,1,0,0,1
264,3,10,4,1,0,0,0,0,0,1231,0,4,3,0,1,0,0,0,4,1,0,32,0,0,1,2,1,2,0,1,1
265,1,15,2,0,0,0,1,0,0,802,0,4,4,0,1,0,0,0,3,0,0,37,0,0,1,1,2,2,0,0,2
266,3,36,4,0,0,0,0,0,0,6304,4,4,4,0,1,0,0,0,4,1,0,36,0,0,1,2,2,1,0,0,1
267,3,24,2,0,0,0,1,0,0,1533,0,1,4,0,0,0,0,0,3,0,0,38,1,0,1,1,2,1,1,0,1
268,0,14,2,1,0,0,0,0,0,8978,0,4,1,1,0,0,0,0,4,0,0,45,0,0,1,1,3,1,1,1,2
269,3,24,2,0,0,0,1,0,0,999,4,4,4,0,1,0,0,0,2,0,0,25,0,0,1,2,2,1,0,0,1
270,3,18,2,1,0,0,0,0,0,2662,4,3,4,0,1,0,0,0,3,0,0,32,0,0,1,1,2,1,0,1,1
271,3,12,4,0,0,1,0,0,0,1402,2,3,3,0,0,0,0,0,4,0,0,37,0,1,0,1,2,1,1,0,1
272,1,48,1,1,0,0,0,0,0,12169,4,0,4,0,1,0,1,0,4,0,1,36,0,0,0,1,3,1,1,0,1
273,1,48,2,0,0,0,1,0,0,3060,0,3,4,0,1,0,0,0,4,1,0,28,0,0,1,2,2,1,0,0,2
274,0,30,2,0,0,0,0,0,0,11998,0,1,1,1,0,0,0,0,1,0,1,34,0,0,1,1,1,1,1,0,2
275,3,9,2,0,0,0,1,0,0,2697,0,2,1,0,1,0,0,0,2,1,0,32,0,0,1,1,2,2,0,0,1
276,3,18,4,0,0,0,1,0,0,2404,0,2,2,0,0,0,0,0,2,0,0,26,0,0,1,2,2,1,0,0,1
277,0,12,2,0,0,1,0,0,0,1262,4,4,2,1,0,0,0,0,4,0,0,49,0,0,1,1,1,1,1,0,1
278,3,6,2,0,0,1,0,0,0,4611,0,1,1,0,0,0,0,0,4,0,0,32,0,0,1,1,2,1,0,0,2
279,3,24,2,0,0,0,1,0,0,1901,1,2,4,0,1,0,0,0,4,0,0,29,0,1,0,1,3,1,1,0,1
280,3,15,4,0,1,0,0,0,0,3368,3,4,3,0,1,0,0,0,4,0,1,23,0,1,0,2,2,1,1,0,1
281,3,12,2,0,0,1,0,0,0,1574,0,2,4,0,1,0,0,0,2,1,0,50,0,0,1,1,2,1,0,0,1
282,2,18,1,0,0,0,1,0,0,1445,4,3,4,0,1,0,0,0,4,0,0,49,1,0,1,1,1,1,0,0,1
283,3,15,4,0,0,1,0,0,0,1520,4,4,4,0,1,0,0,0,4,0,0,63,0,0,1,1,2,1,0,0,1
284,1,24,4,1,0,0,0,0,0,3878,1,1,4,1,0,0,0,0,2,0,0,37,0,0,1,1,2,1,1,0,1
285,0,47,2,1,0,0,0,0,0,10722,0,1,1,0,0,0,0,0,1,1,0,35,0,0,1,1,1,1,1,0,1
286,0,48,2,0,1,0,0,0,0,4788,0,3,4,0,1,0,0,0,3,0,0,26,0,0,1,1,2,2,0,0,1
287,1,48,3,0,0,0,0,0,0,7582,1,0,2,0,1,0,0,0,4,0,1,31,0,0,0,1,3,1,1,0,1
288,1,12,2,0,0,0,1,0,0,1092,0,2,4,0,0,0,0,1,4,1,0,49,0,0,1,2,2,1,1,0,1
289,0,24,3,0,0,0,1,0,0,1024,0,1,4,0,0,1,0,0,4,1,0,48,1,0,1,1,2,1,0,0,2
290,3,12,2,0,0,0,0,0,0,1076,0,2,2,0,0,1,0,0,2,1,0,26,0,0,1,1,2,1,1,1,1
291,1,36,2,0,1,0,0,0,0,9398,0,1,1,0,0,1,0,0,4,0,0,28,0,1,0,1,3,1,1,0,2
292,0,24,4,0,1,0,0,0,0,6419,0,4,2,0,0,0,0,0,4,0,1,44,0,0,0,2,3,2,1,0,1
293,2,42,4,0,1,0,0,0,0,4796,0,4,4,0,1,0,0,0,4,0,1,56,0,0,0,1,2,1,0,0,1
294,3,48,4,0,0,0,0,0,0,7629,4,4,4,1,0,0,0,0,2,0,0,46,1,0,1,2,3,2,0,0,1
295,1,48,2,0,0,1,0,0,0,9960,0,1,1,0,0,0,0,0,2,0,0,26,0,0,1,1,2,1,1,0,2
296,3,12,2,0,1,0,0,0,0,4675,4,1,1,0,0,0,0,0,4,0,0,20,0,1,0,1,2,1,0,0,1
297,3,10,2,1,0,0,0,0,0,1287,4,4,4,0,1,0,1,0,2,0,0,45,0,0,1,1,1,1,0,1,1
298,3,18,2,0,0,1,0,0,0,2515,0,2,3,0,1,0,0,0,4,1,0,43,0,0,1,1,2,1,1,0,1
299,1,21,4,0,0,1,0,0,0,2745,3,3,3,0,1,0,0,0,2,0,0,32,0,0,1,2,2,1,1,0,1
300,3,6,2,1,0,0,0,0,0,672,0,0,1,0,0,0,0,0,4,1,0,54,0,0,1,1,0,1,1,0,1
301,1,36,0,0,0,0,1,0,0,3804,0,2,4,0,0,0,0,0,1,0,0,42,0,0,1,1,2,1,1,0,2
302,2,24,4,1,0,0,0,0,0,1344,4,3,4,0,1,0,0,0,2,1,0,37,1,0,1,2,1,2,0,0,2
303,0,10,4,1,0,0,0,0,0,1038,0,3,4,0,1,0,1,0,3,0,0,49,0,0,1,2,2,1,1,0,1
304,3,48,4,1,0,0,0,0,0,10127,2,2,2,0,1,0,0,0,2,0,1,44,1,0,0,1,2,1,0,0,2
305,3,6,2,0,0,1,0,0,0,1543,3,2,4,1,0,0,0,0,2,1,0,33,0,0,1,1,2,1,0,0,1
306,3,30,2,0,1,0,0,0,0,4811,4,3,2,0,0,0,0,0,4,0,0,24,1,1,0,1,1,1,0,0,1
307,0,12,2,0,0,0,1,0,0,727,1,1,4,0,0,1,0,0,3,0,1,33,0,0,1,1,1,1,1,0,2
308,1,8,2,0,0,1,0,0,0,1237,0,2,3,0,0,0,0,0,4,1,0,24,0,0,1,1,2,1,0,0,2
309,1,9,2,1,0,0,0,0,0,276,0,2,4,0,0,1,0,0,4,1,0,22,0,1,0,1,1,1,0,0,1
310,1,48,2,0,0,0,0,0,0,5381,4,0,3,0,1,0,0,0,4,0,1,40,1,0,0,1,0,1,1,0,1
311,3,24,2,0,0,1,0,0,0,5511,1,2,4,0,1,0,0,0,1,0,0,25,1,0,1,1,2,1,0,0,1
312,2,24,2,0,0,1,0,0,0,3749,0,1,2,0,0,0,0,0,4,0,0,26,0,0,1,1,2,1,0,0,1
313,1,12,2,1,0,0,0,0,0,685,0,3,2,0,0,1,0,0,3,0,0,25,1,0,1,1,1,1,0,0,2
314,2,4,2,1,0,0,0,0,0,1494,4,1,1,0,1,0,0,0,2,1,0,29,0,0,1,1,1,2,0,1,1
315,0,36,1,0,0,1,0,0,0,2746,0,4,4,0,1,0,0,0,4,0,0,31,1,0,1,1,2,1,0,0,2
316,0,12,2,0,0,1,0,0,0,708,0,2,2,0,1,0,0,1,3,0,0,38,0,0,1,1,1,2,0,0,1
317,1,24,2,0,0,1,0,0,0,4351,4,2,1,0,0,0,0,0,4,0,0,48,0,0,1,1,1,1,1,0,1
318,3,12,4,0,0,0,0,1,0,701,0,2,4,0,1,0,0,0,2,0,0,32,0,0,1,2,2,1,0,0,1
319,0,15,3,0,0,1,0,0,0,3643,0,4,1,0,0,0,0,0,4,0,0,27,0,0,1,2,1,1,0,0,1
320,1,30,4,1,0,0,0,0,0,4249,0,0,4,0,0,1,0,0,2,0,0,28,0,0,1,2,3,1,0,0,2
321,0,24,2,0,0,0,1,0,0,1938,0,1,4,1,0,0,0,0,3,0,0,32,0,0,1,1,2,1,0,0,2
322,0,24,2,0,1,0,0,0,0,2910,0,3,2,0,1,0,0,0,1,0,1,34,0,0,0,1,3,1,1,0,1
323,0,18,2,0,0,1,0,0,0,2659,3,2,4,0,1,0,0,0,2,0,0,28,0,0,1,1,2,1,0,0,1
324,3,18,4,1,0,0,0,0,0,1028,0,2,4,0,0,0,0,0,3,1,0,36,0,0,1,2,2,1,0,0,1
325,0,8,4,1,0,0,0,0,0,3398,0,3,1,0,1,0,0,0,4,1,0,39,0,0,1,2,1,1,0,1,1
326,3,12,4,0,0,1,0,0,0,5801,4,4,2,0,1,0,0,0,4,0,0,49,0,1,0,1,2,1,1,0,1
327,3,24,2,1,0,0,0,0,0,1525,3,3,4,0,0,0,0,0,3,0,0,34,0,0,1,1,2,2,1,0,1
328,2,36,2,0,0,0,1,0,0,4473,0,4,4,0,1,0,0,0,2,0,0,31,0,0,1,1,2,1,0,0,1
329,1,6,2,0,0,0,1,0,0,1068,0,4,4,0,1,0,0,0,4,0,0,28,0,0,1,1,2,2,0,0,1
330,0,24,4,0,1,0,0,0,0,6615,0,0,2,0,1,0,0,0,4,0,1,75,0,0,0,2,3,1,1,0,1
331,3,18,4,0,0,0,0,1,0,1864,1,2,4,0,0,0,0,0,2,1,0,30,0,0,1,2,2,1,0,0,2
332,1,60,2,1,0,0,0,0,0,7408,1,1,4,0,0,0,0,0,2,0,0,24,0,0,1,1,3,1,0,0,2
333,3,48,4,0,1,0,0,0,0,11590,1,2,2,0,0,0,0,0,4,0,0,24,1,1,0,2,1,1,0,0,2
334,0,24,0,0,0,1,0,0,0,4110,0,4,3,0,1,0,0,0,4,0,1,23,1,1,0,2,2,2,0,0,2
335,0,6,4,0,0,1,0,0,0,3384,0,2,1,1,0,0,0,0,4,1,0,44,0,1,0,1,3,1,1,0,2
336,1,13,2,0,0,0,1,0,0,2101,0,1,2,0,0,0,0,1,4,0,0,23,0,0,1,1,1,1,0,0,1
337,0,15,2,0,0,0,0,0,0,1275,4,2,4,0,0,0,0,0,2,0,0,24,0,1,0,1,2,1,0,0,2
338,0,24,2,0,0,1,0,0,0,4169,0,2,4,0,1,0,0,0,4,0,0,28,0,0,1,1,2,1,0,0,1
339,1,10,2,0,0,1,0,0,0,1521,0,2,4,1,0,0,0,0,2,0,0,31,0,0,1,1,1,1,0,0,1
340,1,24,4,0,0,0,0,1,0,5743,0,1,2,0,0,0,0,0,4,0,1,24,0,0,0,2,2,1,1,0,1
341,0,21,2,0,0,1,0,0,0,3599,0,3,1,0,0,0,0,0,4,0,0,26,0,1,0,1,1,1,0,0,1
342,1,18,2,0,0,0,1,0,0,3213,2,1,1,0,0,1,0,0,3,1,0,25,0,1,0,1,2,1,0,0,1
343,1,18,2,0,0,0,0,0,0,4439,0,4,1,0,1,0,1,0,1,1,0,33,1,0,1,1,3,1,1,0,1
344,2,10,2,1,0,0,0,0,0,3949,0,1,1,0,1,0,0,1,1,0,0,37,0,0,1,1,1,2,0,0,1
345,3,15,4,0,0,0,1,0,0,1459,0,2,4,0,0,0,0,0,2,0,0,43,0,0,1,1,1,1,0,0,1
346,1,13,4,0,0,0,1,0,0,882,0,1,4,0,1,0,0,1,4,1,0,23,0,0,1,2,2,1,0,0,1
347,1,24,2,0,0,0,1,0,0,3758,2,0,1,0,0,0,0,0,4,0,1,23,0,1,0,1,0,1,0,0,1
348,3,6,3,0,0,0,0,0,0,1743,1,2,1,0,1,0,0,0,2,1,0,34,0,0,1,2,1,1,0,0,1
349,1,9,4,0,0,0,0,1,0,1136,3,4,4,0,1,0,0,0,3,0,1,32,0,0,0,2,2,2,0,0,2
350,3,9,2,0,0,0,0,0,0,1236,0,1,1,0,0,0,0,0,4,1,0,23,0,1,0,1,2,1,1,0,1
351,1,9,2,0,0,1,0,0,0,959,0,2,1,0,0,0,0,0,2,0,0,29,0,0,1,1,2,1,0,1,2
352,3,18,4,0,1,0,0,0,0,3229,4,0,2,0,1,0,0,0,4,0,1,38,0,0,1,1,3,1,1,0,1
353,0,12,0,0,0,0,1,0,0,6199,0,2,4,0,1,0,0,0,2,0,0,28,0,1,0,2,2,1,1,0,2
354,3,10,2,0,0,0,0,1,0,727,2,4,4,0,1,0,0,0,4,0,1,46,0,0,0,1,2,1,1,0,1
355,1,24,2,1,0,0,0,0,0,1246,0,1,4,0,1,0,0,0,2,1,0,23,1,0,1,1,1,1,0,0,2
356,3,12,4,0,0,0,1,0,0,2331,4,4,1,0,1,0,1,0,4,1,0,49,0,0,1,1,2,1,1,0,1
357,3,36,3,0,0,0,1,0,0,4463,0,2,4,0,1,0,0,0,2,0,0,26,0,0,1,2,3,1,1,0,2
358,3,12,2,0,0,0,1,0,0,776,0,2,4,0,0,1,0,0,2,1,0,28,0,0,1,1,2,1,0,0,1
359,0,30,2,0,0,1,0,0,0,2406,0,3,4,0,0,0,0,0,4,1,0,23,0,1,0,1,2,1,0,0,2
360,1,18,2,0,0,0,0,1,0,1239,4,2,4,0,1,0,0,0,4,0,1,61,0,0,0,1,2,1,0,0,1
361,2,12,2,0,0,0,1,0,0,3399,4,4,2,0,1,0,0,0,3,0,0,37,0,0,1,1,3,1,0,0,1
362,2,12,3,1,0,0,0,0,0,2247,0,2,2,0,0,0,0,0,2,0,0,36,1,0,1,2,2,1,1,0,1
363,3,6,2,0,0,1,0,0,0,1766,0,2,1,0,0,1,0,0,2,0,0,21,0,1,0,1,2,1,0,0,1
364,0,18,2,0,0,1,0,0,0,2473,0,0,4,0,1,0,0,0,1,0,0,25,0,0,1,1,0,1,0,0,2
365,3,12,2,0,0,0,0,0,0,1542,0,3,2,0,1,0,0,0,4,0,0,36,0,0,1,1,2,1,1,0,1
366,3,18,4,0,1,0,0,0,0,3850,0,3,3,0,1,0,0,0,1,0,0,27,0,0,1,2,2,1,0,0,1
367,0,18,2,0,0,1,0,0,0,3650,0,1,1,0,0,0,0,0,4,0,0,22,0,1,0,1,2,1,0,0,1
368,0,36,2,0,0,1,0,0,0,3446,0,4,4,0,1,0,0,0,2,0,0,42,0,0,1,1,2,2,0,0,2
369,1,18,2,0,0,1,0,0,0,3001,0,3,2,0,0,0,0,0,4,1,0,40,0,1,0,1,2,1,0,0,1
370,3,36,2,1,0,0,0,0,0,3079,4,2,4,0,1,0,0,0,4,1,0,36,0,0,1,1,2,1,0,0,1
371,3,18,4,0,0,0,1,0,0,6070,0,4,3,0,1,0,0,0,4,0,0,33,0,0,1,2,2,1,1,0,1
372,3,10,4,0,0,1,0,0,0,2146,0,1,1,0,0,0,0,0,3,1,0,23,0,1,0,2,2,1,0,0,1
373,3,60,4,1,0,0,0,0,0,13756,4,4,2,0,1,0,0,0,4,0,1,63,1,0,0,1,3,1,1,0,1
374,1,60,1,0,0,0,0,0,0,14782,1,4,3,0,0,0,0,0,4,0,1,60,1,0,0,2,3,1,1,0,2
375,0,48,1,0,0,0,0,0,0,7685,0,3,2,0,0,0,0,1,4,0,0,37,0,1,0,1,2,1,0,0,2
376,3,18,3,0,0,0,1,0,0,2320,0,0,2,0,0,1,0,0,3,1,0,34,0,0,1,2,2,1,0,0,1
377,3,7,3,0,0,0,1,0,0,846,4,4,3,0,1,0,0,0,4,0,1,36,0,0,0,1,2,1,0,0,1
378,1,36,2,1,0,0,0,0,0,14318,0,4,4,0,1,0,0,0,2,0,1,57,0,0,0,1,3,1,1,0,2
379,3,6,4,1,0,0,0,0,0,362,1,2,4,0,0,0,0,0,4,0,0,52,0,0,1,2,1,1,0,0,1
380,0,20,2,0,0,1,0,0,0,2212,4,3,4,0,1,0,0,0,4,0,0,39,0,0,1,1,2,1,1,0,1
381,1,18,2,0,1,0,0,0,0,12976,0,0,3,0,0,0,0,0,4,0,1,38,0,0,0,1,3,1,1,0,2
382,3,22,2,1,0,0,0,0,0,1283,4,3,4,0,0,0,0,0,4,0,0,25,0,1,0,1,2,1,0,0,1
383,2,12,2,1,0,0,0,0,0,1330,0,1,4,0,1,0,0,0,1,1,0,26,0,0,1,1,2,1,0,0,1
384,3,30,3,0,0,0,0,0,0,4272,1,2,2,0,1,0,0,0,2,0,0,26,0,0,1,2,1,1,0,0,1
385,3,18,4,0,0,0,1,0,0,2238,0,2,2,0,0,0,0,0,1,0,0,25,0,0,1,2,2,1,0,0,1
386,3,18,2,0,0,0,1,0,0,1126,4,1,4,0,0,0,0,0,2,1,0,21,0,1,0,1,2,1,1,0,1
387,1,18,4,0,0,1,0,0,0,7374,0,0,4,0,1,0,0,0,4,0,0,40,1,0,1,2,3,1,1,0,1
388,1,15,4,0,0,0,0,0,0,2326,2,2,2,0,1,0,0,0,4,0,0,27,1,0,1,1,2,1,0,0,1
389,3,9,2,0,0,0,0,0,0,1449,0,3,3,0,0,0,0,0,2,0,0,27,0,0,1,2,2,1,0,0,1
390,3,18,2,1,0,0,0,0,0,1820,0,2,2,0,0,1,0,0,2,0,0,30,0,0,1,1,3,1,1,0,1
391,1,12,2,0,0,1,0,0,0,983,3,1,1,0,0,0,0,0,4,1,0,19,0,1,0,1,1,1,0,0,1
392,0,36,2,1,0,0,0,0,0,3249,0,3,2,0,1,0,0,0,4,0,1,39,1,0,0,1,3,2,1,0,1
393,0,6,4,0,0,0,1,0,0,1957,0,3,1,0,0,0,0,0,4,0,0,31,0,0,1,1,2,1,0,0,1
394,3,9,4,0,0,1,0,0,0,2406,0,0,2,0,1,0,0,0,3,0,0,31,0,0,1,1,3,1,0,0,1
395,1,39,3,0,0,0,0,1,0,11760,1,3,2,0,1,0,0,0,3,0,1,32,0,1,0,1,2,1,1,0,1
396,0,12,2,0,0,1,0,0,0,2578,0,0,3,0,0,0,0,0,4,0,1,55,0,0,0,1,3,1,0,0,1
397,0,36,4,0,0,1,0,0,0,2348,0,2,3,0,0,1,0,0,2,0,0,46,0,0,1,2,2,1,1,0,1
398,1,12,2,1,0,0,0,0,0,1223,0,4,1,1,0,0,0,0,1,1,0,46,0,1,0,2,2,1,0,0,2
399,3,24,4,0,0,0,1,0,0,1516,3,2,4,0,0,0,0,0,1,1,0,43,0,0,1,2,1,1,0,0,1
400,3,18,2,0,0,0,1,0,0,1473,0,1,3,0,0,1,0,0,4,1,0,39,0,0,1,1,2,1,1,0,1
401,1,18,4,0,0,0,0,0,0,1887,4,2,4,0,0,1,0,0,4,1,0,28,1,0,1,2,2,1,0,0,1
402,3,24,3,0,0,0,0,0,0,8648,0,1,2,0,1,0,0,0,2,0,0,27,1,0,1,2,2,1,1,0,2
403,3,14,3,1,0,0,0,0,0,802,0,2,4,0,1,0,0,0,2,0,0,27,0,0,1,2,1,1,0,0,1
404,1,18,3,1,0,0,0,0,0,2899,4,4,4,0,1,0,0,0,4,0,0,43,0,0,1,1,2,2,0,0,1
405,1,24,2,0,0,0,1,0,0,2039,0,1,1,0,0,1,0,0,1,0,0,22,0,0,1,1,2,1,1,0,2
406,3,24,4,0,1,0,0,0,0,2197,4,3,4,0,1,0,0,0,4,0,0,43,0,0,1,2,2,2,1,0,1
407,0,15,2,0,0,0,1,0,0,1053,0,1,4,0,0,1,0,0,2,1,0,27,0,0,1,1,2,1,0,1,1
408,3,24,2,0,0,0,1,0,0,3235,2,4,3,1,0,0,0,0,2,0,0,26,0,0,1,1,3,1,1,0,1
409,2,12,4,1,0,0,0,0,0,939,2,3,4,0,0,1,0,0,2,1,0,28,0,0,1,3,2,1,1,0,2
410,1,24,2,0,0,0,1,0,0,1967,0,4,4,0,0,0,0,0,4,0,0,20,0,0,1,1,2,1,1,0,1
411,3,33,4,0,1,0,0,0,0,7253,0,3,3,0,1,0,0,0,2,0,0,35,0,0,1,2,3,1,1,0,1
412,3,12,4,0,0,0,0,0,0,2292,0,0,4,0,1,0,0,0,2,0,0,42,1,0,1,2,3,1,1,0,2
413,3,10,2,1,0,0,0,0,0,1597,2,2,3,0,1,0,0,0,2,0,1,40,0,1,0,1,1,2,0,1,1
414,0,24,2,1,0,0,0,0,0,1381,4,2,4,0,0,0,0,0,2,0,0,35,0,0,1,1,2,1,0,0,2
415,3,36,4,0,1,0,0,0,0,5842,0,4,2,0,1,0,0,0,2,0,0,35,0,0,1,2,2,2,1,0,1
416,0,12,2,1,0,0,0,0,0,2579,0,1,4,0,1,0,0,0,1,1,0,33,0,0,1,1,1,2,0,0,2
417,0,18,3,0,0,0,0,1,0,8471,4,2,1,0,0,0,0,0,2,0,0,23,0,1,0,2,2,1,1,0,1
418,3,21,2,1,0,0,0,0,0,2782,2,3,1,0,0,0,0,0,2,0,0,31,1,0,1,1,3,1,0,0,1
419,1,18,2,1,0,0,0,0,0,1042,4,2,4,0,0,0,0,0,2,0,0,33,0,0,1,1,2,1,0,0,2
420,3,15,2,1,0,0,0,0,0,3186,3,3,2,0,0,0,0,0,3,0,0,20,0,1,0,1,2,1,0,0,1
421,1,12,2,0,1,0,0,0,0,2028,4,2,4,0,1,0,0,0,2,0,0,30,0,0,1,1,2,1,0,0,1
422,1,12,4,1,0,0,0,0,0,958,0,3,2,0,1,0,0,0,3,1,0,47,0,0,1,2,1,2,0,0,1
423,3,21,3,0,0,1,0,0,0,1591,1,3,4,0,1,0,0,0,3,1,0,34,0,0,1,2,3,1,0,0,1
424,1,12,2,0,0,1,0,0,0,2762,4,4,1,0,0,0,0,0,2,0,0,25,1,0,1,1,2,1,1,0,2
425,1,18,2,0,1,0,0,0,0,2779,0,2,1,0,0,1,0,0,3,0,0,21,0,1,0,1,2,1,1,0,1
426,3,28,4,0,0,0,1,0,0,2743,0,4,4,0,1,0,0,0,2,0,0,29,0,0,1,2,2,1,0,0,1
427,3,18,4,0,0,0,1,0,0,1149,3,2,4,0,1,0,0,0,3,1,0,46,0,0,1,2,2,1,0,0,1
428,3,9,2,0,0,1,0,0,0,1313,0,4,1,0,1,0,0,0,4,0,0,20,0,0,1,1,2,1,0,0,1
429,0,18,4,0,0,0,0,0,0,1190,0,0,2,0,0,0,0,0,4,0,1,55,0,0,0,3,0,2,0,0,2
430,3,5,2,0,0,0,0,0,0,3448,0,3,1,0,1,0,0,0,4,1,0,74,0,0,1,1,1,1,0,0,1
431,1,24,2,0,0,0,0,0,0,11328,0,2,2,0,1,0,1,0,3,0,0,29,1,0,1,2,3,1,1,0,2
432,0,6,4,0,0,1,0,0,0,1872,0,0,4,0,1,0,0,0,4,0,1,36,0,0,0,3,3,1,1,0,1
433,3,24,4,0,0,0,0,0,0,2058,0,2,4,1,0,0,0,0,2,1,0,33,0,0,1,2,2,1,1,0,1
434,0,9,2,0,0,1,0,0,0,2136,0,2,3,0,1,0,0,0,2,1,0,25,0,0,1,1,2,1,0,0,1
435,1,12,2,0,0,0,1,0,0,1484,4,2,2,0,0,1,0,0,1,1,0,25,0,0,1,1,2,1,1,0,2
436,3,6,2,0,0,0,0,0,0,660,2,3,2,0,0,1,0,0,4,1,0,23,0,1,0,1,1,1,0,0,1
437,3,24,4,1,0,0,0,0,0,1287,3,4,4,0,0,0,0,0,4,1,0,37,0,0,1,2,2,1,1,0,1
438,0,42,4,0,0,0,0,0,0,3394,0,0,4,0,1,0,1,0,4,0,0,65,0,0,1,2,0,1,0,0,1
439,2,12,1,0,0,0,0,0,0,609,0,1,4,0,0,0,0,0,1,1,0,26,0,0,1,1,0,1,0,0,2
440,3,12,2,1,0,0,0,0,0,1884,0,4,4,0,1,0,0,0,4,0,0,39,0,0,1,1,3,1,1,0,1
441,0,12,2,0,0,1,0,0,0,1620,0,2,2,0,0,0,1,0,3,0,0,30,0,0,1,1,2,1,0,0,1
442,1,20,3,0,0,0,0,0,0,2629,0,2,2,0,1,0,0,0,3,0,0,29,1,0,1,2,2,1,1,0,1
443,3,12,2,0,0,0,0,1,0,719,0,4,4,0,1,0,0,0,4,0,0,41,1,0,1,1,1,2,0,0,2
444,1,48,4,0,0,1,0,0,0,5096,0,2,2,0,0,0,0,0,3,0,0,30,0,0,1,1,3,1,1,0,2
445,3,9,4,0,0,0,0,1,0,1244,4,4,4,0,0,0,0,0,4,0,0,41,0,1,0,2,1,1,0,0,1
446,0,36,2,1,0,0,0,0,0,1842,0,1,4,0,0,0,0,0,4,0,0,34,0,0,1,1,2,1,1,0,2
447,1,7,2,0,0,0,1,0,0,2576,0,2,2,0,1,0,0,1,2,1,0,35,0,0,1,1,2,1,0,0,1
448,2,12,2,0,0,1,0,0,0,1424,4,4,3,0,0,0,0,0,4,1,0,55,0,0,1,1,3,1,1,0,1
449,1,15,3,0,0,0,0,0,0,1512,3,2,3,0,0,1,0,0,3,0,0,61,1,0,1,2,2,1,0,0,2
450,3,36,4,0,1,0,0,0,0,11054,4,2,4,0,1,0,0,0,2,0,0,30,0,0,1,1,3,1,1,0,1
451,3,6,2,0,0,0,1,0,0,518,0,2,3,0,0,0,0,0,1,1,0,29,0,0,1,1,2,1,0,0,1
452,3,12,0,0,0,1,0,0,0,2759,0,4,2,0,1,0,0,0,4,0,0,34,0,0,1,2,2,1,0,0,1
453,3,24,2,0,1,0,0,0,0,2670,0,4,4,0,1,0,0,0,4,0,0,35,0,0,1,1,3,1,1,0,1
454,0,24,2,1,0,0,0,0,0,4817,0,3,2,0,1,0,1,0,3,0,0,31,0,0,1,1,2,1,1,0,2
455,3,24,2,0,1,0,0,0,0,2679,0,1,4,0,0,0,0,0,1,0,1,29,0,0,1,1,3,1,1,0,1
456,0,11,4,1,0,0,0,0,0,3905,0,2,2,0,1,0,0,0,2,1,0,36,0,1,0,2,2,2,0,0,1
457,0,12,2,0,1,0,0,0,0,3386,0,4,3,0,1,0,0,0,4,0,1,35,0,0,0,1,2,1,1,0,2
458,0,6,2,0,0,0,0,0,0,343,0,1,4,0,0,0,0,0,1,1,0,27,0,0,1,1,2,1,0,0,1
459,3,18,2,0,0,0,1,0,0,4594,0,1,3,0,1,0,0,0,2,0,0,32,0,0,1,1,2,1,1,0,1
460,0,36,2,0,0,1,0,0,0,3620,0,2,1,0,1,0,0,1,2,0,0,37,0,0,1,1,2,2,0,0,1
461,0,15,2,1,0,0,0,0,0,1721,0,1,2,0,1,0,0,0,3,1,0,36,0,0,1,1,2,1,0,0,1
462,1,12,2,0,0,1,0,0,0,3017,0,1,3,0,0,0,0,0,1,1,0,34,0,1,0,1,3,1,0,0,1
463,1,12,2,0,0,0,0,0,1,754,4,4,4,0,1,0,0,0,4,0,0,38,0,0,1,2,2,1,0,0,1
464,3,18,2,0,0,0,0,0,0,1950,0,3,4,0,1,0,0,0,1,0,0,34,1,0,1,2,2,1,1,0,1
465,0,24,2,0,1,0,0,0,0,2924,0,2,3,0,1,0,0,1,4,0,1,63,1,0,1,1,2,2,1,0,1
466,0,24,3,0,0,0,1,0,0,1659,0,1,4,0,0,0,0,0,2,0,0,29,0,1,0,1,1,1,1,0,2
467,3,48,3,0,0,0,1,0,0,7238,4,4,3,0,1,0,0,0,3,0,0,32,1,0,1,2,2,2,0,0,1
468,3,33,3,0,0,0,0,0,0,2764,0,2,2,0,0,0,0,0,2,0,0,26,0,0,1,2,2,1,1,0,1
469,3,24,3,0,1,0,0,0,0,4679,0,3,3,0,1,0,0,0,3,0,0,35,0,0,1,2,1,1,1,0,1
470,1,24,2,0,0,0,1,0,0,3092,1,1,3,0,0,1,0,0,2,0,0,22,0,1,0,1,2,1,1,0,2
471,0,6,2,0,0,0,0,1,0,448,0,1,4,0,0,0,0,0,4,0,0,23,0,0,1,1,2,1,0,0,2
472,0,9,2,1,0,0,0,0,0,654,0,2,4,0,1,0,0,0,3,0,0,28,0,0,1,1,1,1,0,0,2
473,3,6,2,0,0,0,0,0,1,1238,4,0,4,0,1,0,0,0,4,0,0,36,0,0,1,1,3,2,1,0,1
474,1,18,4,0,0,0,1,0,0,1245,0,2,4,0,0,1,0,0,2,0,0,33,0,0,1,1,2,1,0,0,2
475,0,18,0,0,0,1,0,0,0,3114,0,1,1,0,0,0,0,0,4,0,0,26,0,1,0,1,2,1,0,0,2
476,3,39,2,0,1,0,0,0,0,2569,2,2,4,0,1,0,0,0,4,0,0,24,0,0,1,1,2,1,0,0,1
477,2,24,2,0,0,0,1,0,0,5152,0,3,4,0,1,0,0,0,2,0,0,25,1,0,1,1,2,1,0,0,1
478,1,12,2,0,0,0,0,0,0,1037,1,3,3,0,1,0,0,0,4,1,0,39,0,0,1,1,1,1,0,0,1
479,0,15,4,0,0,1,0,0,0,1478,0,4,4,0,1,0,0,0,4,0,0,44,0,0,1,2,2,2,1,0,1
480,1,12,4,0,0,0,1,0,0,3573,0,2,1,0,0,0,0,0,1,1,0,23,0,0,1,1,1,1,0,0,1
481,1,24,2,1,0,0,0,0,0,1201,0,1,4,0,1,0,0,0,1,0,0,26,0,0,1,1,2,1,0,0,1
482,0,30,2,0,0,1,0,0,0,3622,3,4,4,0,0,0,0,0,4,0,0,57,0,1,0,2,2,1,1,0,1
483,3,15,3,0,0,1,0,0,0,960,3,3,3,0,0,0,0,0,2,0,0,30,0,0,1,2,2,1,0,0,1
484,3,12,4,1,0,0,0,0,0,1163,2,2,4,0,1,0,0,0,4,1,0,44,0,0,1,1,2,1,1,0,1
485,1,6,3,1,0,0,0,0,0,1209,0,0,4,0,1,0,0,0,4,0,0,47,0,0,1,1,3,1,1,0,2
486,3,12,2,0,0,0,1,0,0,3077,0,2,2,0,1,0,0,0,4,0,0,52,0,0,1,1,2,1,1,0,1
487,3,24,2,1,0,0,0,0,0,3757,0,4,4,0,0,0,1,0,4,0,1,62,0,0,0,1,2,1,1,0,1
488,3,10,2,1,0,0,0,0,0,1418,1,2,3,0,1,0,0,0,2,1,0,35,0,1,0,1,1,1,0,1,1
489,3,6,2,1,0,0,0,0,0,3518,0,2,2,0,1,0,0,1,3,0,0,26,0,1,0,1,2,1,0,0,1
490,3,12,4,0,0,0,1,0,0,1934,0,4,2,0,1,0,0,0,2,0,1,26,0,0,1,2,2,1,0,0,1
491,1,27,0,0,0,0,0,0,0,8318,0,4,2,0,0,0,0,0,4,0,1,42,0,0,0,2,3,1,1,0,2
492,3,6,4,0,0,0,1,0,0,1237,1,2,1,0,0,0,0,0,1,0,0,27,0,0,1,2,2,1,0,0,1
493,1,6,2,0,0,0,1,0,0,368,4,4,4,0,1,0,0,0,4,0,0,38,0,0,1,1,2,1,0,0,1
494,0,12,4,1,0,0,0,0,0,2122,0,2,3,0,1,0,0,0,2,1,0,39,0,1,0,2,1,2,0,1,1
495,0,24,2,0,0,1,0,0,0,2996,4,2,2,0,0,1,0,0,4,0,0,20,0,0,1,1,2,1,0,0,2
496,1,36,2,0,0,1,0,0,0,9034,1,1,4,0,1,0,1,0,1,0,1,29,0,1,0,1,3,1,1,0,2
497,3,24,4,0,0,1,0,0,0,1585,0,3,4,0,1,0,0,0,3,0,0,40,0,0,1,2,2,1,0,0,1
498,1,18,2,0,0,0,1,0,0,1301,0,4,4,0,0,1,0,1,2,1,0,32,0,0,1,1,1,1,0,0,1
499,2,6,4,1,0,0,0,0,0,1323,1,4,2,1,0,0,0,0,4,0,0,28,0,0,1,2,2,2,1,0,1
500,0,24,2,1,0,0,0,0,0,3123,0,1,4,0,0,0,0,0,1,0,0,27,0,0,1,1,2,1,0,0,2
501,0,36,2,0,1,0,0,0,0,5493,0,4,2,0,1,0,0,0,4,0,1,42,0,0,0,1,2,2,0,0,1
502,2,9,2,0,0,0,1,0,0,1126,1,4,2,1,0,0,0,0,4,1,0,49,0,0,1,1,2,1,0,0,1
503,1,24,4,0,0,0,1,0,0,1216,1,1,4,0,1,0,0,0,4,0,1,38,1,0,1,2,2,2,0,0,2
504,0,24,2,1,0,0,0,0,0,1207,0,1,4,0,0,0,0,0,4,0,0,24,0,1,0,1,2,1,0,0,2
505,3,10,2,1,0,0,0,0,0,1309,4,2,4,0,1,0,0,1,4,0,0,27,0,0,1,1,1,1,0,0,2
506,2,15,4,0,1,0,0,0,0,2360,2,2,2,0,1,0,0,0,2,0,0,36,0,0,1,1,2,1,1,0,1
507,1,15,1,1,0,0,0,0,0,6850,1,0,1,0,1,0,0,0,2,0,0,34,0,0,1,1,3,2,1,0,2
508,3,24,2,0,0,0,1,0,0,1413,0,2,4,0,0,1,0,0,2,0,0,28,0,0,1,1,2,1,0,0,1
509,3,39,2,0,1,0,0,0,0,8588,1,4,4,0,1,0,0,0,2,0,0,45,0,0,1,1,3,1,1,0,1
510,0,12,2,1,0,0,0,0,0,759,0,3,4,0,1,0,0,0,2,1,0,26,0,0,1,1,2,1,0,0,2
511,3,36,2,0,1,0,0,0,0,4686,0,2,2,0,1,0,0,0,2,0,1,32,0,0,0,1,3,1,1,0,1
512,2,15,2,0,0,0,0,0,0,2687,0,3,2,0,1,0,0,0,4,0,0,26,0,1,0,1,2,1,1,0,1
513,1,12,3,0,0,0,1,0,0,585,0,2,4,0,0,1,1,0,4,1,0,20,0,1,0,2,2,1,0,0,1
514,3,24,2,1,0,0,0,0,0,2255,4,1,4,0,1,0,0,0,1,0,0,54,0,0,1,1,2,1,0,0,1
515,0,6,4,1,0,0,0,0,0,609,0,3,4,0,0,0,0,0,3,0,0,37,0,0,1,2,2,1,0,1,1
516,0,6,4,1,0,0,0,0,0,1361,0,1,2,0,1,0,0,0,4,1,0,40,0,0,1,1,1,2,0,1,1
517,3,36,4,0,0,1,0,0,0,7127,0,1,2,0,0,0,0,0,4,0,0,23,0,1,0,2,2,1,1,0,2
518,0,6,2,1,0,0,0,0,0,1203,1,4,3,0,1,0,0,0,2,0,0,43,0,0,1,1,2,1,1,0,1
519,3,6,4,0,0,0,1,0,0,700,4,4,4,0,1,0,0,0,4,0,1,36,0,0,0,2,2,1,0,0,1
520,3,24,4,0,0,0,0,0,0,5507,0,4,3,0,1,0,0,0,4,0,1,44,0,0,0,2,2,1,0,0,1
521,0,18,2,0,0,0,1,0,0,3190,0,2,2,0,0,0,0,0,2,1,0,24,0,0,1,1,2,1,0,0,2
522,0,48,0,0,0,1,0,0,0,7119,0,2,3,0,1,0,0,0,4,0,1,53,0,0,0,2,2,2,0,0,2
523,3,24,2,0,1,0,0,0,0,3488,1,3,3,0,0,0,0,0,4,0,0,23,0,0,1,1,2,1,0,0,1
524,1,18,2,0,0,0,1,0,0,1113,0,2,4,0,0,0,0,1,4,1,0,26,0,0,1,1,1,2,0,0,1
525,1,26,2,0,1,0,0,0,0,7966,0,1,2,0,1,0,0,0,3,0,0,30,0,0,1,2,2,1,0,0,1
526,3,15,4,0,0,0,0,1,0,1532,1,2,4,0,0,0,0,0,3,0,0,31,0,0,1,1,2,1,0,0,1
527,3,4,4,0,0,0,1,0,0,1503,0,3,2,0,1,0,0,0,1,1,0,42,0,0,1,2,1,2,0,0,1
528,0,36,2,0,0,0,1,0,0,2302,0,2,4,1,0,0,0,0,4,0,0,31,0,1,0,1,2,1,0,0,2
529,0,6,2,1,0,0,0,0,0,662,0,1,3,0,1,0,0,0,4,1,0,41,0,0,1,1,1,2,1,0,1
530,1,36,2,0,0,0,0,1,0,2273,0,3,3,0,1,0,0,0,1,0,0,32,0,0,1,2,2,2,0,0,1
531,1,15,2,1,0,0,0,0,0,2631,1,2,2,0,0,0,0,0,4,0,0,28,0,1,0,2,2,1,1,0,2
532,3,12,3,0,1,0,0,0,0,1503,0,2,4,0,0,1,0,0,4,1,0,41,0,1,0,1,2,1,0,0,1
533,3,24,2,0,0,0,1,0,0,1311,1,3,4,0,0,1,0,0,3,0,0,26,0,0,1,1,2,1,1,0,1
534,3,24,2,0,0,0,1,0,0,3105,4,1,4,0,1,0,0,0,2,0,0,25,0,0,1,2,2,1,0,0,1
535,2,21,4,0,0,0,0,1,0,2319,0,1,2,1,0,0,0,0,1,0,0,33,0,1,0,1,2,1,0,0,2
536,0,6,2,1,0,0,0,0,0,1374,4,0,4,0,0,0,0,0,3,0,0,75,0,0,1,1,3,1,1,0,1
537,1,18,4,0,0,1,0,0,0,3612,0,4,3,0,0,0,0,0,4,0,0,37,0,0,1,1,2,1,1,0,1
538,0,48,2,1,0,0,0,0,0,7763,0,4,4,0,1,0,0,0,4,0,1,42,1,0,0,1,3,1,0,0,2
539,2,18,2,0,0,1,0,0,0,3049,0,1,1,0,0,0,0,0,1,0,0,45,1,0,1,1,1,1,0,0,1
540,1,12,2,0,0,0,1,0,0,1534,0,1,1,0,0,1,0,0,1,1,0,23,0,1,0,1,2,1,0,0,2
541,3,24,3,1,0,0,0,0,0,2032,0,4,4,0,1,0,0,0,4,0,1,60,0,0,0,2,2,1,1,0,1
542,0,30,2,0,0,1,0,0,0,6350,4,4,4,0,1,0,0,0,4,0,0,31,0,0,1,1,2,1,0,0,2
543,2,18,2,0,0,1,0,0,0,2864,0,2,2,0,1,0,0,0,1,1,0,34,0,0,1,1,1,2,0,0,2
544,3,12,4,1,0,0,0,0,0,1255,0,4,4,0,1,0,0,0,4,1,0,61,0,0,1,2,1,1,0,0,1
545,0,24,3,1,0,0,0,0,0,1333,0,0,4,0,1,0,0,0,2,1,0,43,0,0,0,2,2,2,0,0,2
546,3,24,4,1,0,0,0,0,0,2022,0,2,4,0,0,0,0,0,4,0,0,37,0,0,1,1,2,1,1,0,1
547,3,24,2,0,0,0,1,0,0,1552,0,3,3,0,1,0,0,0,1,0,0,32,1,0,1,1,2,2,0,0,1
548,0,12,1,0,0,0,1,0,0,626,0,2,4,0,0,0,0,0,4,1,0,24,1,0,1,1,1,1,0,0,2
549,3,48,4,0,1,0,0,0,0,8858,4,3,2,0,1,0,0,0,1,0,1,35,0,0,0,2,2,1,1,0,1
550,3,12,4,0,0,0,0,0,0,996,4,3,4,0,0,0,0,0,4,1,0,23,0,0,1,2,2,1,0,0,1
551,3,6,1,0,0,0,1,0,0,1750,2,4,2,0,1,0,0,0,4,0,0,45,1,0,1,1,1,2,0,0,1
552,0,48,2,0,0,0,1,0,0,6999,0,3,1,0,0,1,0,1,1,1,0,34,0,0,1,2,2,1,1,0,2
553,1,12,4,1,0,0,0,0,0,1995,1,1,4,0,1,0,0,0,1,0,0,27,0,0,1,1,2,1,0,0,1
554,1,9,2,0,0,0,0,1,0,1199,0,3,4,0,0,0,0,0,4,0,0,67,0,0,1,2,3,1,1,0,1
555,1,12,2,0,0,0,1,0,0,1331,0,1,2,0,1,0,0,0,1,0,0,22,1,0,1,1,2,1,0,0,2
556,1,18,0,1,0,0,0,0,0,2278,1,1,3,0,0,0,0,0,3,0,0,28,0,0,1,2,2,1,0,0,2
557,3,21,0,1,0,0,0,0,0,5003,4,2,1,0,0,0,0,0,4,0,0,29,1,0,1,2,2,1,1,0,2
558,0,24,1,0,0,1,0,0,0,3552,0,3,3,0,1,0,0,0,4,0,0,27,1,0,1,1,2,1,0,0,2
559,1,18,4,0,0,1,0,0,0,1928,0,1,2,0,1,0,0,0,2,1,0,31,0,0,1,2,1,1,0,0,2
560,0,24,2,0,1,0,0,0,0,2964,4,4,4,0,1,0,0,0,4,0,1,49,1,0,0,1,2,2,1,0,1
561,0,24,1,0,0,0,1,0,0,1546,0,3,4,0,1,0,0,1,4,0,0,24,1,1,0,1,1,1,0,0,2
562,2,6,3,0,0,0,1,0,0,683,0,1,2,0,0,0,0,0,1,0,0,29,1,0,1,1,2,1,0,0,1
563,1,36,2,1,0,0,0,0,0,12389,4,2,1,0,1,0,0,0,4,0,1,37,0,0,0,1,2,1,1,0,2
564,1,24,3,0,0,0,0,0,0,4712,4,2,4,0,1,0,0,0,2,0,0,37,1,0,1,2,3,1,1,0,1
565,1,24,3,0,0,0,1,0,0,1553,1,3,3,0,0,0,0,0,2,0,0,23,0,1,0,2,2,1,1,0,1
566,0,12,2,1,0,0,0,0,0,1372,0,3,2,1,0,0,0,0,3,0,0,36,0,0,1,1,2,1,0,0,2
567,3,24,4,0,0,0,1,0,0,2578,3,4,2,0,1,0,0,0,2,0,0,34,0,0,1,1,2,1,0,0,1
568,1,48,2,0,0,0,1,0,0,3979,4,3,4,0,1,0,0,0,1,0,0,41,0,0,1,2,2,2,1,0,1
569,0,48,2,0,0,0,1,0,0,6758,0,2,3,0,0,0,0,0,2,0,0,31,0,0,1,1,2,1,1,0,2
570,0,24,2,0,0,1,0,0,0,3234,0,1,4,0,0,0,0,0,4,1,0,23,0,1,0,1,1,1,1,0,2
571,3,30,4,0,0,0,1,0,0,5954,0,3,3,0,1,0,1,0,2,0,0,38,0,0,1,1,2,1,0,0,1
572,3,24,2,0,1,0,0,0,0,5433,4,0,2,0,0,0,0,0,4,0,0,26,0,1,0,1,3,1,1,0,1
573,0,15,2,0,0,0,0,0,0,806,0,2,4,0,0,0,0,0,4,0,0,22,0,0,1,1,1,1,0,0,1
574,1,9,2,0,0,0,1,0,0,1082,0,4,4,0,1,0,0,0,4,0,0,27,0,0,1,2,1,1,0,0,1
575,3,15,4,0,0,1,0,0,0,2788,0,3,2,0,0,0,1,0,3,0,0,24,1,0,1,2,2,1,0,0,1
576,1,12,2,0,0,0,1,0,0,2930,0,3,2,0,0,0,0,0,1,1,0,27,0,0,1,1,2,1,0,0,1
577,3,24,4,0,0,0,0,1,0,1927,4,2,3,0,0,0,0,0,2,0,0,33,0,0,1,2,2,1,1,0,1
578,1,36,4,1,0,0,0,0,0,2820,0,1,4,1,0,0,0,0,4,0,0,27,0,0,1,2,2,1,0,0,2
579,3,24,2,0,0,0,0,0,1,937,0,1,4,0,0,1,0,0,3,0,0,27,0,0,1,2,1,1,0,0,1
580,1,18,4,1,0,0,0,0,0,1056,0,4,3,0,1,0,0,1,3,1,0,30,1,0,1,2,2,1,0,0,2
581,1,12,4,1,0,0,0,0,0,3124,0,1,1,0,1,0,0,0,3,1,0,49,1,0,1,2,1,2,0,0,1
582,3,9,2,0,0,1,0,0,0,1388,0,2,4,0,0,0,0,0,2,1,0,26,0,1,0,1,2,1,0,0,1
583,1,36,2,0,0,0,0,0,0,2384,0,1,4,0,1,0,0,0,1,0,1,33,0,1,0,1,1,1,0,0,2
584,3,12,2,1,0,0,0,0,0,2133,4,4,4,0,0,0,0,0,4,0,1,52,0,0,0,1,3,1,1,0,1
585,0,18,2,0,0,1,0,0,0,2039,0,2,1,0,0,0,0,0,4,1,0,20,1,1,0,1,2,1,0,0,2
586,0,9,4,1,0,0,0,0,0,2799,0,2,2,0,1,0,0,0,2,1,0,36,0,1,0,2,2,2,0,0,1
587,0,12,2,0,0,1,0,0,0,1289,0,2,4,0,1,0,0,1,1,0,0,21,0,0,1,1,1,1,0,0,1
588,0,18,2,0,0,0,0,0,0,1217,0,2,4,0,0,1,0,0,3,1,0,47,0,0,1,1,1,1,1,0,2
589,0,12,4,0,0,1,0,0,0,2246,0,4,3,0,1,0,0,0,3,0,0,60,0,0,1,2,2,1,0,0,2
590,0,12,4,0,0,0,1,0,0,385,0,3,4,0,0,0,0,0,3,1,0,58,0,0,1,4,1,1,1,0,1
591,1,24,3,1,0,0,0,0,0,1965,4,2,4,0,0,0,0,0,4,0,0,42,0,1,0,2,2,1,1,0,1
592,3,21,2,0,0,0,0,0,0,1572,3,4,4,0,0,0,0,0,4,1,0,36,1,0,1,1,1,1,0,0,1
593,1,24,2,1,0,0,0,0,0,2718,0,2,3,0,0,0,0,0,4,0,0,20,0,1,0,1,1,1,1,0,2
594,0,24,1,0,0,0,0,0,0,1358,4,4,4,0,1,0,0,0,3,0,0,40,1,0,1,1,3,1,1,0,2
595,1,6,1,1,0,0,0,0,0,931,1,1,1,0,0,0,0,0,1,0,0,32,1,0,1,1,1,1,0,0,2
596,0,24,2,1,0,0,0,0,0,1442,0,3,4,0,0,0,0,0,4,0,0,23,0,1,0,2,2,1,0,0,2
597,1,24,0,0,0,0,0,0,0,4241,0,2,1,0,1,0,0,0,4,1,0,36,0,0,1,3,1,1,1,0,2
598,3,18,4,1,0,0,0,0,0,2775,0,3,2,0,1,0,0,0,2,0,0,31,1,0,1,2,2,1,0,0,2
599,3,24,3,0,0,0,0,0,0,3863,0,2,1,0,1,0,0,0,2,0,1,32,0,0,0,1,2,1,0,0,1
600,1,7,2,0,0,0,1,0,0,2329,0,1,1,0,0,0,0,1,1,1,0,45,0,0,1,1,2,1,0,0,1
601,1,9,2,0,0,1,0,0,0,918,0,2,4,0,0,0,0,0,1,0,0,30,0,0,1,1,2,1,0,0,2
602,1,24,1,0,0,0,0,1,0,1837,0,3,4,0,0,0,0,0,4,0,1,34,1,0,0,1,1,1,0,0,2
603,3,36,2,0,0,1,0,0,0,3349,0,2,4,0,0,0,0,0,2,0,0,28,0,0,1,1,3,1,1,0,2
604,2,10,2,0,0,1,0,0,0,1275,0,1,4,0,0,0,0,0,2,0,0,23,0,0,1,1,2,1,0,0,1
605,0,24,1,0,0,1,0,0,0,2828,2,2,4,0,1,0,0,0,4,1,0,22,1,0,1,1,2,1,1,0,1
606,3,24,4,0,0,0,0,0,0,4526,0,2,3,0,1,0,0,0,2,1,0,74,0,0,1,1,3,1,1,0,1
607,1,36,2,0,0,0,1,0,0,2671,1,2,4,0,0,0,1,0,4,0,1,50,0,0,0,1,2,1,0,0,2
608,3,18,2,0,0,0,1,0,0,2051,0,1,4,0,1,0,0,0,1,1,0,33,0,0,1,1,2,1,0,0,1
609,3,15,2,0,1,0,0,0,0,1300,4,4,4,0,1,0,0,0,4,0,1,45,1,0,0,1,2,2,0,0,1
610,0,12,2,0,0,0,0,0,0,741,1,0,4,0,0,0,0,0,3,0,0,22,0,0,1,1,2,1,0,0,2
611,2,10,2,1,0,0,0,0,0,1240,1,4,1,0,0,0,0,0,4,0,1,48,0,0,0,1,1,2,0,0,2
612,0,21,2,0,0,0,1,0,0,3357,3,1,4,0,0,0,0,0,2,0,0,29,1,0,1,1,2,1,0,0,1
613,0,24,1,0,1,0,0,0,0,3632,0,2,1,0,0,0,0,1,4,0,0,22,1,1,0,1,2,1,0,1,1
614,3,18,3,0,0,1,0,0,0,1808,0,3,4,0,0,0,0,0,1,1,0,22,0,0,1,1,2,1,0,0,2
615,1,48,0,0,0,0,0,0,0,12204,4,2,2,0,1,0,0,0,2,0,0,48,1,0,1,1,3,1,1,0,1
616,1,60,3,0,0,0,1,0,0,9157,4,2,2,0,1,0,0,0,2,0,1,27,0,0,0,1,3,1,0,0,1
617,0,6,4,1,0,0,0,0,0,3676,0,2,1,0,1,0,0,0,3,1,0,37,0,1,0,3,2,2,0,0,1
618,1,30,2,0,0,1,0,0,0,3441,1,2,2,0,0,0,1,0,4,0,0,21,0,1,0,1,2,1,0,0,2
619,3,12,2,1,0,0,0,0,0,640,0,2,4,1,0,0,0,0,2,1,0,49,0,0,1,1,1,1,0,0,1
620,1,21,4,0,0,0,0,0,0,3652,0,3,2,0,1,0,0,0,3,0,0,27,0,0,1,2,2,1,0,0,1
621,3,18,4,1,0,0,0,0,0,1530,0,2,3,0,1,0,0,0,2,0,0,32,1,0,1,2,2,1,0,0,2
622,3,48,2,0,0,0,0,0,0,3914,4,2,4,1,0,0,0,0,2,1,0,38,1,0,1,1,2,1,0,0,2
623,0,12,2,0,0,1,0,0,0,1858,0,1,4,0,0,0,0,0,1,0,0,22,0,1,0,1,2,1,0,0,1
624,0,18,2,0,0,0,1,0,0,2600,0,2,4,0,1,0,0,0,4,0,1,65,0,0,0,2,2,1,0,0,2
625,3,15,2,0,0,0,1,0,0,1979,4,4,4,0,1,0,0,0,2,0,0,35,0,0,1,1,2,1,0,0,1
626,2,6,2,0,0,1,0,0,0,2116,0,2,2,0,1,0,0,0,2,1,0,41,0,0,1,1,2,1,1,0,1
627,1,9,1,1,0,0,0,0,0,1437,1,3,2,0,1,0,0,0,3,0,1,29,0,0,1,1,2,1,0,0,2
628,3,42,4,0,0,1,0,0,0,4042,2,2,4,0,1,0,0,0,4,1,0,36,0,0,1,2,2,1,1,0,1
629,3,9,2,0,0,0,0,1,0,3832,4,4,1,0,1,0,0,0,4,1,0,64,0,0,1,1,1,1,0,0,1
630,0,24,2,0,0,0,1,0,0,3660,0,2,2,0,0,0,0,0,4,0,0,28,0,0,1,1,2,1,0,0,1
631,0,18,1,0,0,1,0,0,0,1553,0,2,4,0,1,0,0,0,3,0,0,44,1,0,1,1,2,1,0,0,2
632,1,15,2,0,0,0,1,0,0,1444,4,1,4,0,1,0,0,0,1,0,0,23,0,0,1,1,2,1,0,0,1
633,3,9,2,0,0,1,0,0,0,1980,0,1,2,0,0,0,1,0,2,0,0,19,0,1,0,2,2,1,0,0,2
634,1,24,2,1,0,0,0,0,0,1355,0,1,3,0,0,0,0,0,4,0,0,25,0,0,1,1,1,1,1,0,2
635,3,12,2,0,0,0,0,1,0,1393,0,4,4,0,1,0,0,0,4,0,0,47,1,0,1,3,2,2,1,0,1
636,3,24,2,0,0,0,1,0,0,1376,2,3,4,0,0,0,0,0,1,0,0,28,0,0,1,1,2,1,0,0,1
637,3,60,3,0,0,0,1,0,0,15653,0,3,2,0,1,0,0,0,4,0,0,21,0,0,1,2,2,1,1,0,1
638,3,12,2,0,0,0,1,0,0,1493,0,1,4,0,0,0,0,0,3,0,0,34,0,0,1,1,2,2,0,0,1
639,0,42,3,0,0,0,1,0,0,4370,0,3,3,0,1,0,0,0,2,0,0,26,1,0,1,2,2,2,1,0,2
640,0,18,2,0,0,0,0,1,0,750,0,0,4,0,0,0,0,0,1,1,0,27,0,0,1,1,0,1,0,0,2
641,1,15,2,0,0,0,0,0,0,1308,0,4,4,0,1,0,0,0,4,0,0,38,0,0,1,2,1,1,0,0,1
642,3,15,2,0,0,0,0,1,0,4623,1,2,3,0,1,0,0,0,2,0,0,40,0,0,1,1,3,1,1,0,2
643,3,24,4,0,0,0,1,0,0,1851,0,3,4,0,0,1,0,1,2,0,0,33,0,0,1,2,2,1,1,0,1
644,0,18,4,0,0,0,1,0,0,1880,0,3,4,0,0,1,0,0,1,0,0,32,0,0,1,2,3,1,1,0,1
645,3,36,3,0,0,0,0,0,0,7980,4,1,4,0,1,0,0,0,4,0,0,27,0,1,0,2,2,1,1,0,2
646,0,30,0,0,0,1,0,0,0,4583,0,2,2,1,0,0,0,1,2,1,0,32,0,0,1,2,2,1,0,0,1
647,3,12,2,1,0,0,0,0,0,1386,2,2,2,0,0,0,0,0,2,0,0,26,0,0,1,1,2,1,0,0,2
648,2,24,2,1,0,0,0,0,0,947,0,3,4,0,1,0,0,0,3,0,1,38,1,0,0,1,2,2,0,0,2
649,0,12,2,0,0,0,0,1,0,684,0,2,4,0,1,0,0,0,4,0,0,40,0,1,0,1,1,2,0,0,2
650,0,48,2,0,0,0,0,1,0,7476,0,3,4,0,1,0,0,0,1,0,1,50,0,0,0,1,3,1,1,0,1
651,1,12,2,0,0,1,0,0,0,1922,0,2,4,0,1,0,0,0,2,0,0,37,0,0,1,1,1,1,0,0,2
652,0,24,2,1,0,0,0,0,0,2303,0,4,4,0,1,0,1,0,1,1,0,45,0,0,1,1,2,1,0,0,2
653,1,36,3,1,0,0,0,0,0,8086,1,4,2,0,1,0,0,0,4,0,0,42,0,0,1,4,3,1,1,0,2
654,3,24,4,0,1,0,0,0,0,2346,0,3,4,0,1,0,0,0,3,0,0,35,0,0,1,2,2,1,1,0,1
655,0,14,2,1,0,0,0,0,0,3973,0,0,1,0,1,0,0,0,4,0,1,22,0,0,0,1,2,1,0,0,1
656,1,12,2,1,0,0,0,0,0,888,0,4,4,0,1,0,0,0,4,0,0,41,1,0,1,1,1,2,0,0,2
657,3,48,2,0,0,0,1,0,0,10222,4,3,4,0,1,0,0,0,3,0,0,37,1,0,1,1,2,1,1,0,1
658,1,30,0,0,0,0,0,0,0,4221,0,2,2,0,0,0,0,0,1,0,0,28,0,0,1,2,2,1,0,0,1
659,1,18,4,0,0,1,0,0,0,6361,0,4,2,0,1,0,0,0,1,0,1,41,0,0,1,1,2,1,1,0,1
660,2,12,2,0,0,0,1,0,0,1297,0,2,3,0,0,1,0,0,4,1,0,23,0,1,0,1,2,1,0,0,1
661,0,12,2,1,0,0,0,0,0,900,4,2,4,0,0,1,0,0,2,0,0,23,0,0,1,1,2,1,0,0,2
662,3,21,2,0,0,1,0,0,0,2241,0,4,4,0,1,0,0,0,2,1,0,50,0,0,1,2,2,1,0,0,1
663,1,6,3,0,0,1,0,0,0,1050,0,0,4,0,1,0,0,0,1,0,0,35,1,0,1,2,3,1,1,0,1
664,2,6,4,0,0,0,0,1,0,1047,0,2,2,0,0,0,0,0,4,0,0,50,0,0,1,1,1,1,0,0,1
665,3,24,4,0,0,0,0,0,0,6314,0,0,4,0,1,0,1,0,2,0,1,27,1,0,1,2,3,1,1,0,1
666,1,30,1,0,0,1,0,0,0,3496,3,2,4,0,1,0,0,0,2,0,0,34,1,0,1,1,2,2,1,0,1
667,3,48,1,0,0,0,0,0,0,3609,0,2,1,0,0,0,0,0,1,1,0,27,1,0,1,1,2,1,0,0,1
668,0,12,4,1,0,0,0,0,0,4843,0,4,3,0,1,0,1,0,4,0,0,43,0,1,0,2,2,1,1,0,2
669,2,30,4,0,0,0,1,0,0,3017,0,4,4,0,1,0,0,0,4,0,0,47,0,0,1,1,2,1,0,0,1
670,3,24,4,0,0,0,0,0,0,4139,1,2,3,0,1,0,0,0,3,0,0,27,0,0,1,2,1,1,1,0,1
671,3,36,2,0,0,0,0,0,0,5742,1,3,2,0,1,0,0,0,2,0,0,31,0,0,1,2,2,1,1,0,1
672,3,60,2,1,0,0,0,0,0,10366,0,4,2,0,1,0,0,0,4,0,0,42,0,0,1,1,3,1,1,0,1
673,3,6,4,1,0,0,0,0,0,2080,2,2,1,0,0,1,0,0,2,0,0,24,0,0,1,1,2,1,0,0,1
674,3,21,3,0,0,0,0,0,0,2580,2,1,4,0,1,0,0,0,2,1,0,41,1,0,1,1,1,2,0,0,2
675,3,30,4,0,0,0,1,0,0,4530,0,3,4,0,0,0,0,0,4,0,0,26,0,1,0,1,3,1,1,0,1
676,3,24,4,0,0,1,0,0,0,5150,0,4,4,0,1,0,0,0,4,0,0,33,0,0,1,1,2,1,1,0,1
677,1,72,2,0,0,0,1,0,0,5595,1,2,2,0,0,1,0,0,2,0,0,24,0,0,1,1,2,1,0,0,2
678,0,24,2,0,0,0,1,0,0,2384,0,4,4,0,1,0,0,0,4,1,0,64,1,1,0,1,1,1,0,0,1
679,3,18,2,0,0,0,1,0,0,1453,0,1,3,0,0,0,0,0,1,1,0,26,0,0,1,1,2,1,0,0,1
680,3,6,2,0,0,0,0,1,0,1538,0,1,1,0,0,0,0,0,2,0,1,56,0,0,1,1,2,1,0,0,1
681,3,12,2,0,0,0,1,0,0,2279,4,2,4,0,1,0,0,0,4,0,1,37,0,0,0,1,2,1,1,0,1
682,3,15,3,0,0,0,1,0,0,1478,0,2,4,0,0,1,0,0,3,1,0,33,1,0,1,2,2,1,0,0,1
683,3,24,4,0,0,0,1,0,0,5103,0,1,3,0,0,1,0,0,3,0,1,47,0,0,0,3,2,1,1,0,1
684,1,36,3,0,0,0,0,0,0,9857,1,3,1,0,1,0,0,0,3,0,0,31,0,0,1,2,1,2,1,0,1
685,3,60,2,1,0,0,0,0,0,6527,4,2,4,0,1,0,0,0,4,0,1,34,0,0,0,1,2,2,1,0,1
686,2,10,4,0,0,0,1,0,0,1347,4,3,4,0,1,0,0,0,2,0,0,27,0,0,1,2,2,1,1,0,1
687,1,36,3,1,0,0,0,0,0,2862,1,4,4,0,1,0,0,0,3,0,1,30,0,0,0,1,2,1,0,0,1
688,3,9,2,0,0,0,1,0,0,2753,1,4,3,0,1,0,1,0,4,0,0,35,0,0,1,1,2,1,1,0,1
689,0,12,2,1,0,0,0,0,0,3651,3,2,1,0,1,0,0,0,3,0,0,31,0,0,1,1,2,2,0,0,1
690,0,15,4,0,0,1,0,0,0,975,0,2,2,1,0,0,0,0,3,0,0,25,0,0,1,2,2,1,0,0,1
691,1,15,2,0,0,0,0,0,0,2631,1,2,3,0,0,0,0,0,2,1,0,25,0,0,1,1,1,1,0,0,1
692,1,24,2,0,0,0,1,0,0,2896,1,1,2,0,1,0,0,0,1,0,0,29,0,0,1,1,2,1,0,0,1
693,0,6,4,1,0,0,0,0,0,4716,4,1,1,0,1,0,0,0,3,1,0,44,0,0,1,2,1,2,0,0,1
694,3,24,2,0,0,0,1,0,0,2284,0,3,4,0,1,0,0,0,2,0,0,28,0,0,1,1,2,1,1,0,1
695,3,6,2,0,1,0,0,0,0,1236,2,2,2,0,1,0,0,0,4,0,0,50,0,1,0,1,2,1,0,0,1
696,1,12,2,0,0,0,1,0,0,1103,0,3,4,0,1,0,0,1,3,1,0,29,0,0,1,2,2,1,0,1,1
697,3,12,4,1,0,0,0,0,0,926,0,0,1,0,0,0,0,0,2,0,0,38,0,0,1,1,0,1,0,0,1
698,3,18,4,0,0,0,1,0,0,1800,0,2,4,0,1,0,0,0,2,0,0,24,0,0,1,2,2,1,0,0,1
699,2,15,2,0,0,0,0,1,0,1905,0,4,4,0,1,0,0,0,4,0,0,40,0,1,0,1,3,1,1,0,1
700,3,12,2,0,0,1,0,0,0,1123,2,2,4,0,0,0,0,0,4,0,0,29,0,1,0,1,1,1,0,0,2
701,0,48,4,0,1,0,0,0,0,6331,0,4,4,0,1,0,0,0,4,0,1,46,0,0,0,2,2,1,1,0,2
702,2,24,2,0,0,0,1,0,0,1377,1,4,4,0,0,0,0,0,2,0,1,47,0,0,0,1,2,1,1,0,1
703,1,30,3,0,0,0,0,0,0,2503,1,4,4,0,1,0,0,0,2,0,0,41,1,0,1,2,2,1,0,0,1
704,1,27,2,0,0,0,0,0,0,2528,0,1,4,0,0,0,0,0,1,0,0,32,0,0,1,1,2,2,1,0,1
705,3,15,2,1,0,0,0,0,0,5324,2,4,1,0,0,0,0,0,4,0,1,35,0,0,0,1,2,1,0,0,1
706,1,48,2,1,0,0,0,0,0,6560,1,3,3,0,1,0,0,0,2,0,0,24,0,0,1,1,2,1,0,0,2
707,1,12,0,0,0,1,0,0,0,2969,0,1,4,0,0,0,0,0,3,0,0,25,0,1,0,2,2,1,0,0,2
708,1,9,2,0,0,0,1,0,0,1206,0,4,4,0,0,0,0,0,4,1,0,25,0,0,1,1,2,1,0,0,1
709,1,9,2,0,0,0,1,0,0,2118,0,2,2,0,1,0,0,0,2,1,0,37,0,0,1,1,1,2,0,0,1
710,3,18,4,0,0,0,1,0,0,629,2,4,4,0,1,0,0,0,3,0,0,32,1,0,1,2,3,1,1,0,1
711,0,6,1,0,0,0,0,1,0,1198,0,4,4,0,0,0,0,0,4,0,1,35,0,0,0,1,2,1,0,0,2
712,3,21,2,0,1,0,0,0,0,2476,4,4,4,0,1,0,0,0,4,1,0,46,0,0,1,1,3,1,1,0,1
713,0,9,4,0,0,0,1,0,0,1138,0,2,4,0,1,0,0,0,4,1,0,25,0,0,1,2,1,1,0,0,1
714,1,60,2,1,0,0,0,0,0,14027,0,3,4,0,1,0,0,0,2,0,1,27,0,0,1,1,3,1,1,0,2
715,3,30,4,0,1,0,0,0,0,7596,4,4,1,0,1,0,0,0,4,0,0,63,0,0,1,2,2,1,0,0,1
716,3,30,4,0,0,0,1,0,0,3077,4,4,3,0,1,0,0,0,2,0,0,40,0,0,1,2,2,2,1,0,1
717,3,18,2,0,0,0,1,0,0,1505,0,2,4,0,1,0,0,0,2,0,1,32,0,0,0,1,3,1,1,0,1
718,2,24,4,0,0,0,1,0,0,3148,4,2,3,0,1,0,0,0,2,0,0,31,0,0,1,2,2,1,1,0,1
719,1,20,0,0,1,0,0,0,0,6148,1,4,3,0,0,1,0,0,4,0,0,31,1,0,1,2,2,1,1,0,1
720,2,9,0,0,0,0,1,0,0,1337,0,1,4,0,1,0,0,0,2,0,0,34,0,0,1,2,3,1,1,0,2
721,1,6,1,0,0,0,0,1,0,433,3,1,4,0,0,0,0,0,2,0,0,24,1,1,0,1,2,2,0,0,2
722,0,12,2,1,0,0,0,0,0,1228,0,2,4,0,0,0,0,0,2,1,0,24,0,0,1,1,1,1,0,0,2
723,1,9,2,0,0,0,1,0,0,790,2,2,4,0,0,0,0,0,3,1,0,66,0,0,1,1,1,1,0,0,1
724,3,27,2,1,0,0,0,0,0,2570,0,2,3,0,0,0,0,0,3,1,0,21,0,1,0,1,2,1,0,0,2
725,3,6,4,1,0,0,0,0,0,250,3,2,2,0,0,0,0,0,2,1,0,41,1,0,1,2,1,1,0,0,1
726,3,15,4,0,0,0,1,0,0,1316,2,2,2,0,0,1,0,0,2,0,0,47,0,0,1,2,1,1,0,0,1
727,0,18,2,0,0,0,1,0,0,1882,0,2,4,0,0,0,0,0,4,0,0,25,1,1,0,2,2,1,0,0,2
728,1,48,1,0,0,0,0,0,0,6416,0,4,4,0,0,0,0,0,3,0,1,59,0,1,0,1,2,1,0,0,2
729,2,24,4,0,0,0,0,0,0,1275,3,2,2,1,0,0,0,0,4,1,0,36,0,0,1,2,2,1,1,0,1
730,1,24,3,0,0,0,1,0,0,6403,0,1,1,0,1,0,0,0,2,0,0,33,0,0,1,1,2,1,0,0,1
731,0,24,2,0,0,0,1,0,0,1987,0,2,2,0,1,0,0,0,4,1,0,21,0,1,0,1,1,2,0,0,2
732,1,8,2,0,0,0,1,0,0,760,0,3,4,0,0,0,0,1,2,1,0,44,0,0,1,1,1,1,0,0,1
733,3,24,2,0,1,0,0,0,0,2603,3,2,2,0,0,0,0,0,4,0,0,28,0,1,0,1,2,1,1,0,1
734,3,4,4,1,0,0,0,0,0,3380,0,3,1,0,0,0,0,0,1,1,0,37,0,0,1,1,2,2,0,0,1
735,1,36,1,0,0,0,0,0,0,3990,4,1,3,0,0,0,0,0,2,0,1,29,1,0,1,1,0,1,0,0,1
736,1,24,2,0,1,0,0,0,0,11560,0,2,1,0,0,0,0,0,4,0,0,23,0,1,0,2,3,1,0,0,2
737,0,18,2,1,0,0,0,0,0,4380,1,2,3,0,1,0,0,0,4,0,0,35,0,0,1,1,1,2,1,0,1
738,3,6,4,1,0,0,0,0,0,6761,0,3,1,0,1,0,0,0,3,0,1,45,0,0,1,2,3,2,1,0,1
739,1,30,0,0,0,0,0,0,0,4280,1,2,4,0,0,0,0,0,4,0,0,26,0,1,0,2,1,1,0,0,2
740,0,24,1,1,0,0,0,0,0,2325,1,3,2,0,1,0,0,0,3,0,0,32,1,0,1,1,2,1,0,0,1
741,1,10,1,0,0,0,1,0,0,1048,0,2,4,0,1,0,0,0,4,1,0,23,1,0,1,1,1,1,0,0,1
742,3,21,2,0,0,0,1,0,0,3160,4,4,4,0,1,0,0,0,3,0,0,41,0,0,1,1,2,1,1,0,1
743,0,24,1,0,0,1,0,0,0,2483,2,2,4,0,1,0,0,0,4,1,0,22,1,0,1,1,2,1,1,0,1
744,0,39,4,0,0,1,0,0,0,14179,4,3,4,0,1,0,0,0,4,0,0,30,0,0,1,2,3,1,1,0,1
745,0,13,4,0,0,0,0,0,0,1797,0,1,3,0,1,0,0,0,1,0,0,28,1,0,1,2,1,1,0,0,1
746,0,15,2,1,0,0,0,0,0,2511,0,0,1,0,0,0,0,0,4,0,0,23,0,1,0,1,2,1,0,0,1
747,0,12,2,1,0,0,0,0,0,1274,0,1,3,0,0,0,0,0,1,1,0,37,0,0,1,1,1,1,0,0,2
748,3,21,2,0,1,0,0,0,0,5248,4,2,1,0,1,0,0,0,3,0,0,26,0,0,1,1,2,1,0,0,1
749,3,15,2,0,1,0,0,0,0,3029,0,3,2,0,1,0,0,0,2,0,0,33,0,0,1,1,2,1,0,0,1
750,0,6,2,0,0,1,0,0,0,428,0,4,2,0,0,0,0,0,1,0,0,49,1,0,1,1,2,1,1,0,1
751,0,18,2,1,0,0,0,0,0,976,0,1,1,0,0,0,0,0,2,0,0,23,0,0,1,1,1,1,0,0,2
752,1,12,2,0,0,0,0,0,0,841,1,3,2,0,0,0,0,0,4,1,0,23,0,1,0,1,1,1,0,0,1
753,3,30,4,0,0,0,1,0,0,5771,0,3,4,0,0,0,0,0,2,0,0,25,0,0,1,2,2,1,0,0,1
754,3,12,3,0,0,0,0,0,0,1555,3,4,4,0,1,0,0,0,4,0,1,55,0,0,0,2,2,2,0,0,2
755,0,24,2,1,0,0,0,0,0,1285,4,3,4,0,0,0,0,0,4,0,1,32,0,1,0,1,2,1,0,0,2
756,2,6,4,1,0,0,0,0,0,1299,0,2,1,0,1,0,0,0,1,1,0,74,0,0,1,3,0,2,0,1,1
757,2,15,4,0,0,0,1,0,0,1271,4,2,3,0,1,0,0,0,4,0,1,39,0,0,0,2,2,1,1,0,2
758,3,24,2,1,0,0,0,0,0,1393,0,2,2,0,1,0,0,1,2,1,0,31,0,0,1,1,2,1,1,0,1
759,0,12,4,1,0,0,0,0,0,691,0,4,4,0,1,0,0,0,3,0,0,35,0,0,1,2,2,1,0,0,2
760,3,15,4,1,0,0,0,0,0,5045,4,4,1,0,0,0,0,0,4,0,0,59,0,0,1,1,2,1,1,0,1
761,0,18,4,0,0,1,0,0,0,2124,0,2,4,0,0,0,0,0,4,1,0,24,0,1,0,2,2,1,0,0,2
762,0,12,2,0,0,0,1,0,0,2214,0,2,4,0,1,0,0,0,3,0,0,24,0,0,1,1,1,1,0,0,1
763,3,21,4,1,0,0,0,0,0,12680,4,4,4,0,1,0,0,0,4,0,1,30,0,0,0,1,3,1,1,0,2
764,3,24,4,1,0,0,0,0,0,2463,1,3,4,0,0,1,0,0,3,0,0,27,0,0,1,2,2,1,1,0,1
765,1,12,2,0,0,0,1,0,0,1155,0,4,3,0,0,1,0,1,3,1,0,40,1,0,1,2,1,1,0,0,1
766,0,30,2,0,0,1,0,0,0,3108,0,1,2,1,0,0,0,0,4,0,0,31,0,0,1,1,1,1,0,0,2
767,3,10,2,0,1,0,0,0,0,2901,4,1,1,0,0,0,0,0,4,1,0,31,0,1,0,1,2,1,0,0,1
768,1,12,4,0,0,1,0,0,0,3617,0,4,1,0,1,0,0,0,4,0,0,28,0,1,0,3,2,1,1,0,1
769,3,12,4,0,0,0,1,0,0,1655,0,4,2,0,1,0,0,0,4,1,0,63,0,0,1,2,1,1,1,0,1
770,0,24,2,0,1,0,0,0,0,2812,4,4,2,0,0,0,0,0,4,1,0,26,0,1,0,1,2,1,0,0,1
771,0,36,4,0,0,0,0,1,0,8065,0,2,3,0,0,0,0,0,2,0,1,25,0,0,1,2,3,1,1,0,2
772,3,21,4,0,1,0,0,0,0,3275,0,4,1,0,1,0,0,0,4,0,0,36,0,0,1,1,3,1,1,0,1
773,3,24,4,0,0,0,1,0,0,2223,1,4,4,0,1,0,0,0,4,0,0,52,1,0,1,2,2,1,0,0,1
774,2,12,4,1,0,0,0,0,0,1480,2,0,2,0,1,0,0,0,4,0,1,66,1,0,0,3,0,1,0,0,1
775,0,24,2,1,0,0,0,0,0,1371,4,2,4,0,0,0,0,0,4,1,0,25,0,1,0,1,2,1,0,0,2
776,3,36,4,1,0,0,0,0,0,3535,0,3,4,0,1,0,0,0,4,0,0,37,0,0,1,2,2,1,1,0,1
777,0,18,2,0,0,0,1,0,0,3509,0,3,4,0,0,0,0,1,1,1,0,25,0,0,1,1,2,1,0,0,1
778,3,36,4,0,1,0,0,0,0,5711,3,4,4,0,1,0,0,0,2,0,0,38,0,0,1,2,3,1,1,0,1
779,1,18,2,0,0,0,0,0,0,3872,0,0,2,0,0,0,0,0,4,0,0,67,0,0,1,1,2,1,1,0,1
780,1,39,4,0,0,0,1,0,0,4933,0,3,2,0,1,0,0,1,2,1,0,25,0,0,1,2,2,1,0,0,2
781,3,24,4,1,0,0,0,0,0,1940,3,4,4,0,1,0,0,0,4,1,0,60,0,0,1,1,2,1,1,0,1
782,1,12,0,0,0,0,0,0,1,1410,0,2,2,0,1,0,0,0,2,1,0,31,0,0,1,1,1,1,1,0,1
783,1,12,2,1,0,0,0,0,0,836,1,1,4,0,0,0,0,0,2,0,0,23,1,0,1,1,1,1,0,0,2
784,1,20,2,0,1,0,0,0,0,6468,4,0,1,1,0,0,0,0,4,1,0,60,0,0,1,1,3,1,1,0,1
785,1,18,2,0,0,0,0,0,0,1941,3,2,4,0,1,0,0,0,2,0,0,35,0,0,1,1,1,1,1,0,1
786,3,22,2,0,0,0,1,0,0,2675,2,4,3,0,1,0,0,0,4,0,0,40,0,0,1,1,2,1,0,0,1
787,3,48,4,0,1,0,0,0,0,2751,4,4,4,0,1,0,0,0,3,0,0,38,0,0,1,2,2,2,1,0,1
788,1,48,3,0,0,0,0,1,0,6224,0,4,4,0,1,0,0,0,4,0,1,50,0,0,0,1,2,1,0,0,2
789,0,40,4,0,0,0,0,1,0,5998,0,2,4,0,1,0,0,0,3,0,1,27,1,0,1,1,2,1,1,0,2
790,1,21,2,0,0,0,0,0,0,1188,0,4,2,0,0,0,0,0,4,0,0,39,0,0,1,1,2,2,0,0,2
791,3,24,2,0,1,0,0,0,0,6313,4,4,3,0,1,0,0,0,4,0,0,41,0,0,1,1,3,2,1,0,1
792,3,6,4,0,0,1,0,0,0,1221,4,2,1,0,0,1,0,0,2,0,0,27,0,0,1,2,2,1,0,0,1
793,2,24,2,0,0,1,0,0,0,2892,0,4,3,1,0,0,0,0,4,0,1,51,0,0,0,1,2,1,0,0,1
794,3,24,2,0,0,1,0,0,0,3062,2,4,4,0,1,0,0,0,3,0,1,32,0,1,0,1,2,1,1,0,1
795,3,9,2,0,0,1,0,0,0,2301,1,1,2,0,0,0,0,0,4,0,0,22,0,1,0,1,2,1,0,0,1
796,0,18,2,0,1,0,0,0,0,7511,4,4,1,0,1,0,0,0,4,0,0,51,0,0,0,1,2,2,1,0,2
797,3,12,4,0,0,1,0,0,0,1258,0,1,2,0,0,0,0,0,4,0,0,22,0,1,0,2,1,1,0,0,1
798,3,24,3,1,0,0,0,0,0,717,4,4,4,0,0,1,0,0,4,0,0,54,0,0,1,2,2,1,1,0,1
799,1,9,2,1,0,0,0,0,0,1549,4,1,4,0,1,0,0,0,2,1,0,35,0,0,1,1,0,1,0,0,1
800,3,24,4,0,0,0,0,1,0,1597,0,4,4,0,1,0,0,0,4,0,1,54,0,0,0,2,2,2,0,0,1
801,1,18,4,0,0,0,1,0,0,1795,0,4,3,0,0,0,0,1,4,1,0,48,1,1,0,2,1,1,1,0,1
802,0,20,4,0,0,1,0,0,0,4272,0,4,1,0,0,0,0,0,4,0,0,24,0,0,1,2,2,1,0,0,1
803,3,12,4,0,0,0,1,0,0,976,4,4,4,0,1,0,0,0,4,0,0,35,0,0,1,2,2,1,0,0,1
804,1,12,2,1,0,0,0,0,0,7472,4,0,1,0,0,0,0,0,2,1,0,24,0,1,0,1,0,1,0,0,1
805,0,36,2,1,0,0,0,0,0,9271,0,3,2,0,1,0,0,0,1,0,0,24,0,0,1,1,2,1,1,0,2
806,1,6,2,0,0,0,1,0,0,590,0,1,3,0,0,1,0,0,3,1,0,26,0,0,1,1,1,1,0,1,1
807,3,12,4,0,0,0,1,0,0,930,4,4,4,0,1,0,0,0,4,1,0,65,0,0,1,4,2,1,0,0,1
808,1,42,1,0,1,0,0,0,0,9283,0,0,1,0,1,0,0,0,2,0,1,55,1,0,0,1,3,1,1,0,1
809,1,15,0,1,0,0,0,0,0,1778,0,1,2,0,0,0,0,0,1,1,0,26,0,1,0,2,0,1,0,0,2
810,1,8,2,0,0,0,0,0,0,907,0,1,3,0,0,1,0,0,2,1,0,26,0,0,1,1,2,1,1,0,1
811,1,6,2,0,0,0,1,0,0,484,0,3,3,0,0,1,0,1,3,1,0,28,1,0,1,1,1,1,0,0,1
812,0,36,4,0,1,0,0,0,0,9629,0,3,4,0,1,0,0,0,4,0,0,24,0,0,1,2,2,1,1,0,2
813,0,48,2,0,0,0,0,0,0,3051,0,2,3,0,1,0,0,0,4,0,0,54,0,0,1,1,2,1,0,0,2
814,0,48,2,1,0,0,0,0,0,3931,0,3,4,0,1,0,0,0,4,0,1,46,0,0,0,1,2,2,0,0,2
815,1,36,3,1,0,0,0,0,0,7432,0,2,2,0,0,0,0,0,2,0,0,54,0,1,0,1,2,1,0,0,1
816,3,6,2,0,0,0,0,0,0,1338,2,2,1,1,0,0,0,0,4,1,0,62,0,0,1,1,2,1,0,0,1
817,3,6,4,0,0,0,1,0,0,1554,0,3,1,0,0,0,0,0,2,0,0,24,0,1,0,2,2,1,1,0,1
818,0,36,2,0,0,0,0,0,0,15857,0,0,2,1,0,0,1,0,3,0,0,43,0,0,1,1,3,1,0,0,1
819,0,18,2,0,0,0,1,0,0,1345,0,2,4,0,0,1,0,0,3,1,0,26,1,0,1,1,2,1,0,0,2
820,3,12,2,1,0,0,0,0,0,1101,0,2,3,0,0,1,0,0,2,1,0,27,0,0,1,2,2,1,1,0,1
821,2,12,2,0,0,0,1,0,0,3016,0,2,3,0,0,1,0,0,1,0,0,24,0,0,1,1,2,1,0,0,1
822,0,36,2,0,0,1,0,0,0,2712,0,4,2,0,1,0,0,0,2,0,0,41,1,0,1,1,2,2,0,0,2
823,0,8,4,1,0,0,0,0,0,731,0,4,4,0,1,0,0,0,4,1,0,47,0,0,1,2,1,1,0,0,1
824,3,18,4,0,0,1,0,0,0,3780,0,1,3,1,0,0,0,0,2,0,0,35,0,0,1,2,3,1,1,0,1
825,0,21,4,1,0,0,0,0,0,1602,0,4,4,0,0,1,0,0,3,0,0,30,0,0,1,2,2,1,1,0,1
826,0,18,4,1,0,0,0,0,0,3966,0,4,1,0,0,0,0,0,4,1,0,33,1,1,0,3,2,1,1,0,2
827,3,18,0,0,0,0,0,0,0,4165,0,2,2,0,1,0,0,0,2,0,0,36,1,0,1,2,2,2,0,0,2
828,0,36,2,0,1,0,0,0,0,8335,4,4,3,0,1,0,0,0,4,0,1,47,0,0,0,1,2,1,0,0,2
829,1,48,3,0,0,0,0,0,0,6681,4,2,4,0,1,0,0,0,4,0,1,38,0,0,0,1,2,2,1,0,1
830,3,24,3,0,0,0,0,0,0,2375,2,2,4,0,1,0,0,0,2,0,0,44,0,0,1,2,2,2,1,0,1
831,0,18,2,1,0,0,0,0,0,1216,0,1,4,0,0,0,0,0,3,0,0,23,0,1,0,1,2,1,1,0,2
832,0,45,0,0,0,0,0,0,0,11816,0,4,2,0,1,0,0,0,4,0,0,29,0,1,0,2,2,1,0,0,2
833,1,24,2,0,0,0,1,0,0,5084,4,4,2,0,0,0,0,0,4,0,0,42,0,0,1,1,2,1,1,0,1
834,2,15,2,0,0,0,1,0,0,2327,0,1,2,0,0,0,0,0,3,1,0,25,0,0,1,1,1,1,0,0,2
835,0,12,0,1,0,0,0,0,0,1082,0,2,4,0,1,0,0,0,4,0,0,48,1,0,1,2,2,1,0,0,2
836,3,12,2,0,0,0,1,0,0,886,4,2,4,0,0,0,0,0,2,0,0,21,0,0,1,1,2,1,0,0,1
837,3,4,2,0,0,1,0,0,0,601,0,1,1,0,0,0,0,0,3,1,0,23,0,1,0,1,1,2,0,0,1
838,0,24,4,0,1,0,0,0,0,2957,0,4,4,0,1,0,0,0,4,0,0,63,0,0,1,2,2,1,1,0,1
839,3,24,4,0,0,0,1,0,0,2611,0,4,4,0,0,1,1,0,3,1,0,46,0,0,1,2,2,1,0,0,1
840,0,36,2,0,0,1,0,0,0,5179,0,3,4,0,1,0,0,0,2,0,0,29,0,0,1,1,2,1,0,0,2
841,3,21,3,0,1,0,0,0,0,2993,0,2,3,0,1,0,0,0,2,1,0,28,1,0,1,2,1,1,0,0,1
842,3,18,2,0,0,0,0,0,0,1943,0,1,4,0,0,0,0,0,4,1,0,23,0,0,1,1,2,1,0,0,2
843,3,24,1,0,0,0,0,0,0,1559,0,3,4,0,1,0,0,0,4,0,0,50,1,0,1,1,2,1,1,0,1
844,3,18,2,0,0,1,0,0,0,3422,0,4,4,0,1,0,0,0,4,0,0,47,1,0,1,3,2,2,1,0,1
845,1,21,2,0,0,1,0,0,0,3976,4,3,2,0,1,0,0,0,3,0,0,35,0,0,1,1,2,1,1,0,1
846,3,18,2,1,0,0,0,0,0,6761,4,2,2,0,1,0,0,0,4,0,0,68,0,1,0,2,2,1,0,0,2
847,3,24,2,1,0,0,0,0,0,1249,0,1,4,0,0,1,0,0,2,1,0,28,0,0,1,1,2,1,0,0,1
848,0,9,2,0,0,0,1,0,0,1364,0,3,3,0,1,0,0,0,4,1,0,59,0,0,1,1,2,1,0,0,1
849,0,12,2,0,0,0,1,0,0,709,0,4,4,0,1,0,0,0,4,1,0,57,1,0,1,1,1,1,0,0,2
850,0,20,4,1,0,0,0,0,0,2235,0,2,4,0,0,1,0,1,2,0,0,33,1,1,0,2,2,1,0,1,2
851,3,24,4,0,1,0,0,0,0,4042,4,3,3,0,1,0,0,0,4,0,0,43,0,0,1,2,2,1,1,0,1
852,3,15,4,0,0,0,1,0,0,1471,0,2,4,0,1,0,0,0,4,0,1,35,0,0,0,2,2,1,1,0,1
853,0,18,1,1,0,0,0,0,0,1442,0,3,4,0,1,0,0,0,4,0,1,32,0,0,0,2,1,2,0,0,2
854,3,36,3,1,0,0,0,0,0,10875,0,4,2,0,1,0,0,0,2,0,0,45,0,0,1,2,2,2,1,0,1
855,3,24,2,1,0,0,0,0,0,1474,1,1,4,0,0,1,0,0,3,1,0,33,0,0,1,1,2,1,1,0,1
856,3,10,2,0,0,0,0,0,1,894,4,3,4,0,0,0,0,0,3,0,0,40,0,0,1,1,2,1,1,0,1
857,3,15,4,0,0,1,0,0,0,3343,0,2,4,0,1,0,0,0,2,0,1,28,0,0,0,1,2,1,1,0,1
858,0,15,2,1,0,0,0,0,0,3959,0,2,3,0,0,0,0,0,2,0,0,29,0,0,1,1,2,1,1,0,2
859,3,9,2,1,0,0,0,0,0,3577,1,2,1,0,1,0,0,1,2,1,0,26,0,1,0,1,2,2,0,1,1
860,3,24,4,0,1,0,0,0,0,5804,3,2,4,0,1,0,0,0,2,1,0,27,0,0,1,2,2,1,0,0,1
861,3,18,3,0,0,0,0,0,0,2169,0,2,4,0,0,1,0,0,2,0,0,28,0,0,1,1,2,1,1,0,2
862,0,24,2,0,0,0,1,0,0,2439,0,1,4,0,0,0,0,0,4,1,0,35,0,0,1,1,2,1,1,0,2
863,3,27,4,0,0,1,0,0,0,4526,3,1,4,0,1,0,0,0,2,1,0,32,1,0,1,2,1,2,1,0,1
864,3,10,2,0,0,1,0,0,0,2210,0,2,2,0,1,0,0,0,2,1,0,25,1,1,0,1,1,1,0,0,2
865,3,15,2,0,0,1,0,0,0,2221,2,2,2,0,0,0,0,0,4,0,0,20,0,1,0,1,2,1,0,0,1
866,0,18,2,0,0,0,1,0,0,2389,0,1,4,0,0,0,0,0,1,0,0,27,1,0,1,1,2,1,0,0,1
867,3,12,4,0,0,1,0,0,0,3331,0,4,2,0,1,0,0,0,4,0,0,42,1,0,1,1,2,1,0,0,1
868,3,36,2,0,0,0,0,0,0,7409,4,4,3,0,1,0,0,0,2,0,0,37,0,0,1,2,2,1,0,0,1
869,0,12,2,0,0,1,0,0,0,652,0,4,4,0,0,0,0,0,4,0,0,24,0,1,0,1,2,1,0,0,1
870,3,36,3,0,0,1,0,0,0,7678,2,3,2,0,0,0,0,0,4,0,0,40,0,0,1,2,2,1,1,0,1
871,2,6,4,1,0,0,0,0,0,1343,0,4,1,0,1,0,0,0,4,1,0,46,0,0,1,2,2,2,0,1,1
872,0,24,4,0,0,0,0,0,0,1382,1,3,4,0,1,0,0,0,1,1,0,26,0,0,1,2,2,1,1,0,1
873,3,15,2,0,0,0,0,0,0,874,4,1,4,0,0,0,0,0,1,1,0,24,0,0,1,1,2,1,0,0,1
874,0,12,2,0,0,1,0,0,0,3590,0,2,2,0,1,0,1,0,2,0,0,29,0,0,1,1,1,2,0,0,1
875,1,11,4,1,0,0,0,0,0,1322,3,2,4,0,0,0,0,0,4,0,0,40,0,0,1,2,2,1,0,0,1
876,0,18,1,0,0,0,1,0,0,1940,0,1,3,0,1,0,1,0,4,0,1,36,1,0,0,1,3,1,1,0,1
877,3,36,2,0,0,0,1,0,0,3595,0,4,4,0,1,0,0,0,2,0,0,28,0,0,1,1,2,1,0,0,1
878,0,9,2,1,0,0,0,0,0,1422,0,1,3,0,1,0,0,0,2,0,1,27,0,0,0,1,3,1,1,0,2
879,3,30,4,0,0,0,1,0,0,6742,4,3,2,0,1,0,0,0,3,0,0,36,0,0,1,2,2,1,0,0,1
880,3,24,2,0,1,0,0,0,0,7814,0,3,3,0,1,0,0,0,3,0,0,38,0,0,1,1,3,1,1,0,1
881,3,24,2,0,1,0,0,0,0,9277,4,2,2,1,0,0,0,0,4,0,1,48,0,0,0,1,2,1,1,0,1
882,1,30,4,1,0,0,0,0,0,2181,4,4,4,0,1,0,0,0,4,1,0,36,0,0,1,2,2,1,0,0,1
883,3,18,4,0,0,0,1,0,0,1098,0,0,4,0,0,0,0,0,4,0,0,65,0,0,1,2,0,1,0,0,1
884,1,24,2,0,0,1,0,0,0,4057,0,3,3,1,0,0,0,0,3,0,0,43,0,0,1,1,2,1,1,0,2
885,0,12,2,0,0,0,0,1,0,795,0,1,4,0,0,0,0,0,4,0,0,53,0,0,1,1,2,1,0,0,2
886,1,24,4,0,0,0,0,0,0,2825,4,3,4,0,1,0,0,0,3,0,1,34,0,0,1,2,2,2,1,0,1
887,1,48,2,0,0,0,0,0,0,15672,0,2,2,0,1,0,0,0,2,0,0,23,0,0,1,1,2,1,1,0,2
888,3,36,4,1,0,0,0,0,0,6614,0,4,4,0,1,0,0,0,4,0,0,34,0,0,1,2,3,1,1,0,1
889,3,28,1,0,1,0,0,0,0,7824,4,1,3,0,1,0,0,1,4,1,0,40,1,1,0,2,2,2,1,0,1
890,0,27,4,0,0,0,0,0,0,2442,0,4,4,0,1,0,0,0,4,0,0,43,1,0,1,4,3,2,1,0,1
891,3,15,4,0,0,0,1,0,0,1829,0,4,4,0,1,0,0,0,4,0,0,46,0,0,1,2,2,1,1,0,1
892,0,12,4,1,0,0,0,0,0,2171,0,2,4,0,1,0,0,0,4,0,0,38,1,0,1,2,1,1,0,1,1
893,1,36,4,0,1,0,0,0,0,5800,0,2,3,0,1,0,0,0,4,0,0,34,0,0,1,2,2,1,1,0,1
894,3,18,4,0,0,0,1,0,0,1169,4,2,4,0,1,0,0,0,3,0,0,29,0,0,1,2,2,1,1,0,1
895,3,36,3,0,1,0,0,0,0,8947,4,3,3,0,1,0,0,0,2,0,0,31,1,0,1,1,3,2,1,0,1
896,0,21,2,0,0,0,1,0,0,2606,0,1,4,0,0,0,0,0,4,0,0,28,0,1,0,1,3,1,1,0,1
897,3,12,4,0,0,1,0,0,0,1592,3,3,3,0,0,0,0,0,2,0,0,35,0,0,1,1,2,1,0,1,1
898,3,15,2,0,0,1,0,0,0,2186,4,3,1,0,0,0,0,0,4,1,0,33,1,1,0,1,1,1,0,0,1
899,0,18,2,0,0,1,0,0,0,4153,0,2,2,0,1,0,1,0,3,0,0,42,0,0,1,1,2,1,0,0,2
900,0,16,4,1,0,0,0,0,0,2625,0,4,2,0,1,0,0,1,4,0,0,43,1,1,0,1,2,1,1,0,2
901,3,20,4,1,0,0,0,0,0,3485,4,1,2,1,0,0,0,0,4,1,0,44,0,0,1,2,2,1,1,0,1
902,3,36,4,0,1,0,0,0,0,10477,4,4,2,0,1,0,0,0,4,0,1,42,0,0,0,2,2,1,0,0,1
903,3,15,2,0,0,0,1,0,0,1386,4,2,4,0,0,1,0,0,2,1,0,40,0,1,0,1,2,1,1,0,1
904,3,24,2,0,0,0,1,0,0,1278,0,4,4,0,1,0,0,0,1,1,0,36,0,0,1,1,3,1,1,0,1
905,0,12,2,0,0,0,1,0,0,1107,0,2,2,0,1,0,0,0,2,1,0,20,0,1,0,1,3,2,1,0,1
906,0,21,2,1,0,0,0,0,0,3763,4,3,2,0,1,0,1,0,2,1,0,24,0,0,1,1,1,1,0,1,1
907,1,36,2,0,0,0,0,1,0,3711,4,2,2,0,0,1,0,0,2,0,0,27,0,0,1,1,2,1,0,0,1
908,3,15,3,0,1,0,0,0,0,3594,0,1,1,0,0,0,0,0,2,0,0,46,0,0,1,2,1,1,0,0,1
909,1,9,2,1,0,0,0,0,0,3195,4,2,1,0,0,0,0,0,2,1,0,33,0,0,1,1,1,1,0,0,1
910,3,36,3,0,0,0,1,0,0,4454,0,2,4,0,0,0,0,0,4,1,0,34,0,0,1,2,2,1,0,0,1
911,1,24,4,0,0,1,0,0,0,4736,0,1,2,0,0,0,0,0,4,0,0,25,1,0,1,1,1,1,0,0,2
912,1,30,2,0,0,0,1,0,0,2991,4,4,2,0,0,0,0,0,4,0,0,25,0,0,1,1,2,1,0,0,1
913,3,11,2,0,0,0,0,0,0,2142,3,4,1,1,0,0,0,0,2,1,0,28,0,0,1,1,2,1,1,0,1
914,0,24,1,0,0,0,0,0,0,3161,0,2,4,0,1,0,0,0,2,0,0,31,0,1,0,1,2,1,1,0,2
915,1,48,0,0,0,0,0,0,0,18424,0,2,1,0,0,0,0,0,2,0,0,32,1,0,1,1,3,1,1,1,2
916,3,10,2,0,1,0,0,0,0,2848,1,2,1,0,1,0,1,0,2,1,0,32,0,0,1,1,2,2,0,0,1
917,0,6,2,1,0,0,0,0,0,14896,0,4,1,0,1,0,0,0,4,0,1,68,1,0,1,1,3,1,1,0,2
918,0,24,2,0,0,1,0,0,0,2359,1,0,1,1,0,0,0,0,1,0,0,33,0,0,1,1,2,1,0,0,2
919,0,24,2,0,0,1,0,0,0,3345,0,4,4,0,1,0,0,0,2,0,0,39,0,1,0,1,3,1,1,0,2
920,3,18,4,0,0,1,0,0,0,1817,0,2,4,0,0,0,0,0,2,0,1,28,0,0,1,2,2,1,0,0,1
921,3,48,3,0,0,0,1,0,0,12749,2,3,4,0,1,0,0,0,1,0,0,37,0,0,1,1,3,1,1,0,1
922,0,9,2,0,0,0,1,0,0,1366,0,1,3,0,0,0,0,0,4,0,0,22,0,1,0,1,2,1,0,0,2
923,1,12,2,1,0,0,0,0,0,2002,0,3,3,0,1,0,0,0,4,0,0,30,0,1,0,1,2,2,1,0,1
924,0,24,1,0,0,1,0,0,0,6872,0,1,2,1,0,0,0,0,1,0,0,55,1,0,1,1,2,1,1,0,2
925,0,12,1,1,0,0,0,0,0,697,0,1,4,0,1,0,0,0,2,0,0,46,1,0,1,2,2,1,1,0,2
926,0,18,4,0,0,1,0,0,0,1049,0,1,4,0,0,0,0,0,4,0,0,21,0,1,0,1,2,1,0,0,1
927,0,48,2,0,1,0,0,0,0,10297,0,3,4,0,1,0,0,0,4,0,1,39,1,0,0,3,2,2,1,0,2
928,3,30,2,0,0,0,1,0,0,1867,4,4,4,0,1,0,0,0,4,0,0,58,0,0,1,1,2,1,1,0,1
929,0,12,3,1,0,0,0,0,0,1344,0,2,4,0,1,0,0,0,2,1,0,43,0,0,1,2,1,2,0,0,1
930,0,24,2,0,0,1,0,0,0,1747,0,1,4,0,1,0,1,0,1,0,0,24,0,0,1,1,1,1,0,1,1
931,1,9,2,0,0,0,1,0,0,1670,0,1,4,0,0,0,0,0,2,0,0,22,0,0,1,1,2,1,1,0,2
932,3,9,4,1,0,0,0,0,0,1224,0,2,3,0,1,0,0,0,1,1,0,30,0,0,1,2,2,1,0,0,1
933,3,12,4,0,0,0,1,0,0,522,2,4,4,0,1,0,0,0,4,0,0,42,0,0,1,2,2,2,1,0,1
934,0,12,2,0,0,0,1,0,0,1498,0,2,4,0,0,0,0,0,1,0,0,23,1,0,1,1,2,1,0,0,1
935,1,30,3,0,0,0,1,0,0,1919,1,1,4,0,1,0,0,0,3,0,1,30,1,0,1,2,3,1,0,0,2
936,2,9,2,0,0,0,1,0,0,745,0,2,3,0,0,0,0,0,2,1,0,28,0,0,1,1,1,1,0,0,2
937,1,6,2,0,0,0,1,0,0,2063,0,1,4,0,0,1,0,0,3,0,0,30,0,1,0,1,3,1,1,0,1
938,1,60,2,0,0,0,0,1,0,6288,0,2,4,0,1,0,0,0,4,0,1,42,0,0,0,1,2,1,0,0,2
939,3,24,4,0,1,0,0,0,0,6842,4,2,2,0,1,0,0,0,4,0,0,46,0,0,1,2,3,2,1,0,1
940,3,12,2,1,0,0,0,0,0,3527,4,1,2,0,1,0,0,0,3,0,0,45,0,0,1,1,3,2,1,0,1
941,3,10,2,1,0,0,0,0,0,1546,0,2,3,0,1,0,0,0,2,1,0,31,0,0,1,1,1,2,0,1,1
942,3,24,2,0,0,1,0,0,0,929,4,3,4,0,1,0,0,0,2,0,0,31,1,0,1,1,2,1,1,0,1
943,3,4,4,1,0,0,0,0,0,1455,0,3,2,0,1,0,0,0,1,1,0,42,0,0,1,3,1,2,0,0,1
944,0,15,2,0,0,1,0,0,0,1845,0,1,4,0,0,0,0,1,1,0,0,46,0,1,0,1,2,1,0,0,1
945,1,48,0,1,0,0,0,0,0,8358,2,1,1,0,0,0,0,0,1,0,0,30,0,0,1,2,2,1,0,0,1
946,0,24,1,0,0,1,0,0,0,3349,2,1,4,0,1,0,0,0,4,0,1,30,0,0,0,1,2,2,1,0,2
947,3,12,2,1,0,0,0,0,0,2859,4,0,4,0,1,0,0,0,4,0,1,38,0,0,1,1,3,1,1,0,1
948,3,18,2,0,0,1,0,0,0,1533,0,1,4,0,0,1,1,0,1,0,0,43,0,0,1,1,1,2,0,0,2
949,3,24,2,0,0,0,1,0,0,3621,1,4,2,0,1,0,0,0,4,0,0,31,0,0,1,2,2,1,0,0,2
950,1,18,4,0,0,0,0,0,0,3590,0,0,3,0,0,1,0,0,3,0,0,40,0,0,1,3,0,2,1,0,1
951,0,36,3,0,0,0,0,0,0,2145,0,3,2,0,1,0,0,0,1,0,0,24,0,0,1,2,2,1,1,0,2
952,1,24,2,0,1,0,0,0,0,4113,2,1,3,0,0,0,0,0,4,0,0,28,0,1,0,1,2,1,0,0,2
953,3,36,2,0,0,1,0,0,0,10974,0,0,4,0,0,0,0,0,2,0,0,26,0,0,1,2,3,1,1,0,2
954,0,12,2,1,0,0,0,0,0,1893,0,2,4,0,0,0,0,1,4,0,0,29,0,0,1,1,2,1,1,0,1
955,0,24,4,0,0,0,1,0,0,1231,3,4,4,0,0,0,0,0,4,0,0,57,0,1,0,2,3,1,1,0,1
956,2,30,4,0,0,0,1,0,0,3656,4,4,4,0,1,0,0,0,4,0,0,49,1,0,1,2,1,1,0,0,1
957,1,9,4,0,0,0,1,0,0,1154,0,4,2,0,1,0,0,0,4,1,0,37,0,0,1,3,1,1,0,0,1
958,0,28,2,1,0,0,0,0,0,4006,0,2,3,0,1,0,0,0,2,0,0,45,0,0,1,1,1,1,0,0,2
959,1,24,2,0,0,1,0,0,0,3069,1,4,4,0,1,0,0,0,4,0,1,30,0,0,0,1,2,1,0,0,1
960,3,6,4,0,0,0,1,0,0,1740,0,4,2,0,0,1,0,0,2,1,0,30,0,1,0,2,2,1,0,0,1
961,1,21,3,1,0,0,0,0,0,2353,0,2,1,1,0,0,0,0,4,0,0,47,0,0,1,2,2,1,0,0,1
962,3,15,2,1,0,0,0,0,0,3556,4,2,3,0,1,0,0,0,2,0,1,29,0,0,1,1,2,1,0,0,1
963,3,24,2,0,0,0,1,0,0,2397,2,4,3,0,1,0,0,0,2,0,0,35,1,0,1,2,2,1,1,0,2
964,1,6,2,0,0,0,0,0,0,454,0,1,3,0,0,1,0,0,1,0,0,22,0,0,1,1,1,1,0,0,1
965,1,30,2,0,0,0,1,0,0,1715,4,2,4,0,0,0,0,0,1,0,0,26,0,0,1,1,2,1,0,0,1
966,1,27,4,0,0,0,1,0,0,2520,2,2,4,0,1,0,0,0,2,0,0,23,0,0,1,2,1,1,0,0,2
967,3,15,2,0,0,0,1,0,0,3568,0,4,4,0,0,0,0,0,2,0,0,54,1,1,0,1,3,1,1,0,1
968,3,42,2,0,0,0,1,0,0,7166,4,3,2,0,0,1,0,0,4,0,0,29,0,1,0,1,2,1,1,0,1
969,0,11,4,1,0,0,0,0,0,3939,0,2,1,0,1,0,0,0,2,1,0,40,0,0,1,2,1,2,0,0,1
970,1,15,2,0,0,0,0,0,0,1514,1,2,4,0,1,0,0,1,2,1,0,22,0,0,1,1,2,1,0,0,1
971,3,24,2,1,0,0,0,0,0,7393,0,2,1,0,1,0,0,0,4,0,0,43,0,0,1,1,1,2,0,0,1
972,0,24,1,1,0,0,0,0,0,1193,0,0,1,0,0,0,1,0,4,0,1,29,0,1,0,2,0,1,0,0,2
973,0,60,2,0,0,0,0,0,0,7297,0,4,4,0,1,0,1,0,4,0,1,36,0,1,0,1,2,1,0,0,2
974,3,30,4,0,0,0,1,0,0,2831,0,2,4,0,0,0,0,0,2,0,0,33,0,0,1,1,2,1,1,0,1
975,2,24,2,0,0,0,1,0,0,1258,2,2,3,0,0,0,0,0,3,0,0,57,0,0,1,1,1,1,0,0,1
976,1,6,2,0,0,0,1,0,0,753,0,2,2,0,0,0,0,1,3,1,0,64,0,0,1,1,2,1,0,0,1
977,1,18,3,0,0,0,0,0,0,2427,4,4,4,0,1,0,0,0,2,0,0,42,0,0,1,2,2,1,0,0,1
978,3,24,3,1,0,0,0,0,0,2538,0,4,4,0,1,0,0,0,4,0,0,47,0,0,1,2,1,2,0,0,2
979,1,15,1,1,0,0,0,0,0,1264,1,2,2,0,0,1,0,0,2,0,0,25,0,1,0,1,2,1,0,0,2
980,1,30,4,0,0,1,0,0,0,8386,0,3,2,0,1,0,0,0,2,0,0,49,0,0,1,1,2,1,0,0,2
981,3,48,2,0,0,0,0,0,0,4844,0,0,3,0,1,0,0,0,2,0,0,33,1,1,0,1,3,1,1,0,2
982,2,21,2,1,0,0,0,0,0,2923,1,2,1,0,0,0,0,0,1,0,0,28,1,0,1,1,3,1,1,0,1
983,0,36,2,0,1,0,0,0,0,8229,0,2,2,0,1,0,0,0,2,0,0,26,0,0,1,1,2,2,0,0,2
984,3,24,4,0,0,1,0,0,0,2028,0,3,2,0,1,0,0,0,2,0,0,30,0,0,1,2,1,1,0,0,1
985,0,15,4,0,0,1,0,0,0,1433,0,2,4,0,0,0,0,0,3,0,0,25,0,1,0,2,2,1,0,0,1
986,2,42,0,0,0,0,0,0,0,6289,0,1,2,1,0,0,0,0,1,0,0,33,0,0,1,2,2,1,0,0,1
987,3,13,2,0,0,0,1,0,0,1409,1,0,2,0,0,0,0,0,4,1,0,64,0,0,1,1,2,1,0,0,1
988,0,24,2,0,1,0,0,0,0,6579,0,0,4,0,1,0,0,0,2,0,1,29,0,0,0,1,3,1,1,0,1
989,1,24,4,0,0,0,1,0,0,1743,0,4,4,0,1,0,0,0,2,0,0,48,0,0,1,2,1,1,0,0,1
990,3,12,4,0,0,0,0,1,0,3565,4,1,2,0,1,0,0,0,1,0,0,37,0,0,1,2,1,2,0,0,1
991,3,15,1,0,0,0,1,0,0,1569,1,4,4,0,1,0,0,0,4,0,0,34,1,0,1,1,1,2,0,0,1
992,0,18,2,0,0,0,1,0,0,1936,4,3,2,0,0,1,0,0,4,0,0,23,0,1,0,2,1,1,0,0,1
993,0,36,2,0,0,1,0,0,0,3959,0,0,4,0,1,0,0,0,3,0,0,30,0,0,1,1,3,1,1,0,1
994,3,12,2,1,0,0,0,0,0,2390,4,4,4,0,1,0,0,0,3,0,0,50,0,0,1,1,2,1,1,0,1
995,3,12,2,0,0,1,0,0,0,1736,0,3,3,0,0,0,0,0,4,1,0,31,0,0,1,1,1,1,0,0,1
996,0,30,2,0,1,0,0,0,0,3857,0,2,4,1,0,0,0,0,4,0,0,40,0,0,1,1,3,1,1,0,1
997,3,12,2,0,0,0,1,0,0,804,0,4,4,0,1,0,0,0,4,0,0,38,0,0,1,1,2,1,0,0,1
998,0,45,2,0,0,0,1,0,0,1845,0,2,4,0,1,0,0,0,4,0,1,23,0,0,0,1,2,1,1,0,2
999,1,45,4,0,1,0,0,0,0,4576,1,0,3,0,1,0,0,0,4,0,0,27,0,0,1,1,2,1,0,0,1